pool,config,auth,mint_a,mint_b,fee_owed_a,fee_owed_b,tick_spacing,fee_rate
8ZLzuy8tDmEU3xE5Naw8y7YMwUmFoA7dSiPdUKquXzjh,G6BUx6tFcX7M2yhwMxFrq1L9KT4gh4VpZRj89nUwp7P3,wzma,v62Jv9pwMTREWV9f6TetZfMafV254vo99p7HSF25BPr,8uJtmKm39mTsMAnKiTWXrvCYtWzVqZTyTBmwtTpMpump,204033959336,0,30281,65198
CdvDD8WMKjXzXs3LCshha2QnnhPsd3WZ9nyU6sv7C7RM,2LDbdSNMyuRQ9gCgUKjWm4Znq1US1X2R9aoSenuwkTqP,wzma,CaLyryATQhnVZaau425zAJ9fNf4uNWVa1GKD6JN94AX9,EPjFWdd5AufqSSqeM2qN1xzybapC8G4wEGGkZwyTDt1v,7037625275,57,48155,65526
9ak81f8vF5FEyNnAtiUWEGFfJg8grd7AUUXAZsqdXzNy,HDE78Mg7ukJht34qd9yifnDGkdZoAFu5K5dSGQiHDDRq,wzma,v62Jv9pwMTREWV9f6TetZfMafV254vo99p7HSF25BPr,6fRx8LEdBBPFrYGu3HDXK6GJMKEW91xw1rp6GZxfbBUb,334356181,2448877457,48739,65296
EEEEBfiPZbNDNnzwAgJJSHqsWz7u4iuDfTWfpzfZqgzT,HDE78Mg7ukJht34qd9yifnDGkdZoAFu5K5dSGQiHDDRq,wzma,v62Jv9pwMTREWV9f6TetZfMafV254vo99p7HSF25BPr,EPjFWdd5AufqSSqeM2qN1xzybapC8G4wEGGkZwyTDt1v,1184431438,14,48739,65296
3BFV8sBLVF4xUUdTwDC7JogLnadVbtAsGZK86VvPhsJ4,Dm916rGvBmSGY5S61Rpggue2HBrXk487r6g2bUJmcPmQ,wzma,EPjFWdd5AufqSSqeM2qN1xzybapC8G4wEGGkZwyTDt1v,ErbakSHZWeLnq1hsqFvNz8FvxSzggrfyNGB6TEGSSgNE,0,542731038,54916,65215
6gzFMmtsikthCf7GMzxySFKUrKytq2RHJXTir83HtBEG,8HvXpq9FGSy5oNF1cZr4K66BpSpzNrukYRhBM877nrHY,wzma,v62Jv9pwMTREWV9f6TetZfMafV254vo99p7HSF25BPr,CaLyryATQhnVZaau425zAJ9fNf4uNWVa1GKD6JN94AX9,61394322,274822174,61647,65419
4UoVAu19XLcz51GK16PmRX6qdnpDn6iSxc289nV23cL5,Dm916rGvBmSGY5S61Rpggue2HBrXk487r6g2bUJmcPmQ,wzma,B8eCpSkYqkW95QAXDjwJDQNUuAaLzZ1Ez55cfQ3X5FNh,EPjFWdd5AufqSSqeM2qN1xzybapC8G4wEGGkZwyTDt1v,253857231,0,54916,64959
9QhM7pJdHmjQ9LWgD7F9biFzqY3775YTQwCkZ2RxTx4N,Dm916rGvBmSGY5S61Rpggue2HBrXk487r6g2bUJmcPmQ,wzma,EPjFWdd5AufqSSqeM2qN1xzybapC8G4wEGGkZwyTDt1v,FybftdRgR1PcNirPu7GB6iejAuZbMLyMBFTTU6MMmoon,0,201191164,54916,65215
HnCdv3T6acHvwKRCnW8PwzQSNdMQuD8VAcCUz2Cm6JTV,Dm916rGvBmSGY5S61Rpggue2HBrXk487r6g2bUJmcPmQ,wzma,57jzy6cY4JxwfvoNyUiPR5auuc6J5NjzC5BrjC1ymoon,EPjFWdd5AufqSSqeM2qN1xzybapC8G4wEGGkZwyTDt1v,134431193,0,54916,64959
BHSWtSAmWWDVyngeJqoUDp9bVptWYjYXwAVvnkviGKwC,Dm916rGvBmSGY5S61Rpggue2HBrXk487r6g2bUJmcPmQ,wzma,iHjJCRDSLqah8eb37CPaFbj4r9Rzb52MvhyvAPBpump,EPjFWdd5AufqSSqeM2qN1xzybapC8G4wEGGkZwyTDt1v,93996064,0,54916,65471
FQRC4L1ugWtC468HhsxJ9C9RmTzmJdw8bPqS8p613JNV,Dm916rGvBmSGY5S61Rpggue2HBrXk487r6g2bUJmcPmQ,wzma,EPjFWdd5AufqSSqeM2qN1xzybapC8G4wEGGkZwyTDt1v,GJVNVCfovYFWVQC62J2stXyCrawR5fAsC5HVpmZiaMkY,0,87530369,54916,65471
5NeesqTGyySawoiR9Yv4asrXpDh42yHYEyVKt7VMWy1D,Dm916rGvBmSGY5S61Rpggue2HBrXk487r6g2bUJmcPmQ,wzma,4Zs7SmwrCrRAP1gBaNAE4n6LzarU2JzEsJSuj4Mwmoon,EPjFWdd5AufqSSqeM2qN1xzybapC8G4wEGGkZwyTDt1v,85213428,0,54916,65215
91KiSxVa1mipLotY8HcAwNPULPaSpwXZVM8xyS32t885,8pSEvMCA6v4bDU7kEmmcbTtEhWQH4rbN6SHYpeY9tSrF,wzma,5oCpEpFo17kqmcs3454dYFsLGhSNdoPsmSaDRxh5YCzd,GGo8ee2DkuX2oFminYuBphMwEiQ5BdCzyYd84Nnm24R5,3451338,30986536,14989,65348
BmVvuN3i9nAULs5S8yPygwYqSLtPw3URPTtwCg4r6Tfj,Dm916rGvBmSGY5S61Rpggue2HBrXk487r6g2bUJmcPmQ,wzma,71WsPPm44SUTWDfcCdLKsDezw4ZBXDrPjHz2rea7Lo97,EPjFWdd5AufqSSqeM2qN1xzybapC8G4wEGGkZwyTDt1v,21739302,0,54916,65215
4GF3B8qvrnYGoCiUAha9UH5S9qnhK9CCcSRSrSERvz54,Dm916rGvBmSGY5S61Rpggue2HBrXk487r6g2bUJmcPmQ,wzma,EPjFWdd5AufqSSqeM2qN1xzybapC8G4wEGGkZwyTDt1v,EUxS8Kqvbe8zDr8bG1RYtgjVNzEhMTG6B6H3WwrCHfwA,0,20009935,54916,65215
9Brj8VjGn1a6ZaSupnS3q6UfU9zwD8einKqjkuUPeekk,Dm916rGvBmSGY5S61Rpggue2HBrXk487r6g2bUJmcPmQ,wzma,DezXAZ8z7PnrnRJjz3wXBoRgixCa6xjnB7YaB1pPB263,EPjFWdd5AufqSSqeM2qN1xzybapC8G4wEGGkZwyTDt1v,2149831,0,54916,65215
Ei6Q23MSQikjweYzxbCBcfTpfz3j2G7qQXvnusQ4VM1F,Dm916rGvBmSGY5S61Rpggue2HBrXk487r6g2bUJmcPmQ,wzma,v62Jv9pwMTREWV9f6TetZfMafV254vo99p7HSF25BPr,EPjFWdd5AufqSSqeM2qN1xzybapC8G4wEGGkZwyTDt1v,2046978,0,54916,64959
5LTEThBJn1Qz2nPHqGrxumxvq9Av9k9EEhG6fRPtbL3r,19zArjWikZJL3eLS6ouvFrY4bwrX9KmrmQWCLHtSLU8,wzma,So11111111111111111111111111111111111111112,EVULoNF4DeMBN4dGiZiDfpiiTfNZgoCvXWWgaV3epump,2644,1136046,44000,65065
BSddxwYW73as8852ZTHRH13pbZEmZ96NBjayc5mSVtkZ,CuRxokDVEuCjovsSNkvUbkpTW3fCTYMbuFqPf3kpZgEz,wzma,So11111111111111111111111111111111111111112,EPjFWdd5AufqSSqeM2qN1xzybapC8G4wEGGkZwyTDt1v,748931,71449,37976,65527
2R4zNZtRybeLBDQtjY6VvEVc74S95crMtQyySZDUiDD6,9zKyYNHxyG8ZrtjZ6qx1eTFqYJ3d7B1JB4w9DJzgDkU2,wzma,DezXAZ8z7PnrnRJjz3wXBoRgixCa6xjnB7YaB1pPB263,EPjFWdd5AufqSSqeM2qN1xzybapC8G4wEGGkZwyTDt1v,458451,0,22841,65371
8rTMSpfU57Ruby4jjaZ4yWYntxc2EpbB8nKy4Q7tozbk,19zArjWikZJL3eLS6ouvFrY4bwrX9KmrmQWCLHtSLU8,wzma,EPjFWdd5AufqSSqeM2qN1xzybapC8G4wEGGkZwyTDt1v,EVULoNF4DeMBN4dGiZiDfpiiTfNZgoCvXWWgaV3epump,55,448273,44000,65321
BQeXvMMRWWjfY57AgXVoR4FHWSSfpNEfUXCmfT1nFW2x,Dm916rGvBmSGY5S61Rpggue2HBrXk487r6g2bUJmcPmQ,wzma,EPjFWdd5AufqSSqeM2qN1xzybapC8G4wEGGkZwyTDt1v,J95XcNkdkBy2DCuUybKHyHqXPJJqC4rye7tgYJBcpump,0,444581,54916,65471
CpcJAQgj4jmxuhYucenooeHrH88t1NhTZGfxw3DALBEb,Dm916rGvBmSGY5S61Rpggue2HBrXk487r6g2bUJmcPmQ,wzma,EA6zg6e9RcqWDgUpkhRu2YZn7LamGTNntivL7h5qpump,EPjFWdd5AufqSSqeM2qN1xzybapC8G4wEGGkZwyTDt1v,368052,0,54916,65471
CS3HVePPfQ8sHSeKAauYRutvJdRgcWY7iCVWUfTJ3xgv,Dm916rGvBmSGY5S61Rpggue2HBrXk487r6g2bUJmcPmQ,wzma,8aZuUoqr9rBLjikz7kvpajm1JRqhoWiLMnrNtnRNpump,EPjFWdd5AufqSSqeM2qN1xzybapC8G4wEGGkZwyTDt1v,354577,0,54916,65471
3VbtyadesYHYHBH9kwREkUYRALhV34hERgZVx4emeqSH,Dm916rGvBmSGY5S61Rpggue2HBrXk487r6g2bUJmcPmQ,wzma,Av6qVigkb7USQyPXJkUvAEm4f599WTRvd75PUWBA9eNm,EPjFWdd5AufqSSqeM2qN1xzybapC8G4wEGGkZwyTDt1v,352497,0,54916,65471
ABLZh4bMtC9DaZXC54TtrMaSJnqGYtbNERjKDtFC6BCf,Dm916rGvBmSGY5S61Rpggue2HBrXk487r6g2bUJmcPmQ,wzma,ENS6gbdvhmCGPscuCu47Jjk2KkPP2iUNJfkqKDV2UY3w,EPjFWdd5AufqSSqeM2qN1xzybapC8G4wEGGkZwyTDt1v,325362,0,54916,64959
BgfmCb3B5TCtiwgRPDhp1aJ7KTX6oRdE2vzK8ZwRQ2HV,Dm916rGvBmSGY5S61Rpggue2HBrXk487r6g2bUJmcPmQ,wzma,92kxUXDsBQLy5ptGxtmH9CDYd5E6ZQynzf2eFPiUpump,EPjFWdd5AufqSSqeM2qN1xzybapC8G4wEGGkZwyTDt1v,291985,0,54916,64959
9eaT5yoBsfR3oJXhqptJbZ6tmyccduGGs5u9uzQRQm76,Dm916rGvBmSGY5S61Rpggue2HBrXk487r6g2bUJmcPmQ,wzma,3nB8icMZZpMwDXx7W9mS4SjxKFMSNzi7yoe225AGnooZ,GJVNVCfovYFWVQC62J2stXyCrawR5fAsC5HVpmZiaMkY,0,142557,54916,65215
GVPT4aoeLXGq9SxkGjn2fpixHmrawJtGuPx4TNik7soD,Dm916rGvBmSGY5S61Rpggue2HBrXk487r6g2bUJmcPmQ,wzma,EPjFWdd5AufqSSqeM2qN1xzybapC8G4wEGGkZwyTDt1v,H8tB7pNB1k42hc7gqqXbojZGCgA2oqjdw9CqrgBjpump,0,135769,54916,65471
HcBitVcatsvP1BCYzCtxh1aFVo5QQk3aczYadQf4R2Lv,Dm916rGvBmSGY5S61Rpggue2HBrXk487r6g2bUJmcPmQ,wzma,4pLWhMQrnPqGZu6RaE9rsjPNBfBDfLB99f5fF86Tpump,EPjFWdd5AufqSSqeM2qN1xzybapC8G4wEGGkZwyTDt1v,122870,0,54916,65471
EgWR6jqiTwSCKz4AVyq3f1BJVNy6x4sgEquxS48gatk,Dm916rGvBmSGY5S61Rpggue2HBrXk487r6g2bUJmcPmQ,wzma,ASEHcnTfsfpFe6CohpPeX5gvNeerAynxmmBMXfCqzaSd,EPjFWdd5AufqSSqeM2qN1xzybapC8G4wEGGkZwyTDt1v,111386,0,54916,64959
CFD6vHugXYDGxvo8bcwrj5FUU7LehVv6zmx6uS4xKk6G,Dm916rGvBmSGY5S61Rpggue2HBrXk487r6g2bUJmcPmQ,wzma,6Xx8p2WmY1Uk2GD35uxhEyuniNrVEeSu3CUThb8Upump,EPjFWdd5AufqSSqeM2qN1xzybapC8G4wEGGkZwyTDt1v,72926,0,54916,65215
EtC1kqNNKBU1e2XYiUr5RWxpYvJoPCd1jmZrzcdwTjPX,Dm916rGvBmSGY5S61Rpggue2HBrXk487r6g2bUJmcPmQ,wzma,AHdVQs56QpEEkRx6m8yiYYEiqM2sKjQxVd6mGH12pump,EPjFWdd5AufqSSqeM2qN1xzybapC8G4wEGGkZwyTDt1v,67569,0,54916,65471
9YBEStkTPU6PrwPCv633UGsh9Lz7rv2mwGfyMXJEBgZQ,Dm916rGvBmSGY5S61Rpggue2HBrXk487r6g2bUJmcPmQ,wzma,23t3rXSGzyoeEvNwYojgbpnStRaLPQwmUfrnPMrEpump,EPjFWdd5AufqSSqeM2qN1xzybapC8G4wEGGkZwyTDt1v,42997,0,54916,64447
AUsXHtRAKVZVeb2uNQde4sfJqFBmyT58hgpGFXFX74nU,Dm916rGvBmSGY5S61Rpggue2HBrXk487r6g2bUJmcPmQ,wzma,7cPWZJ761yHXGuZVeNJb2m64M9C6dPA1Zh4nqP16pump,EPjFWdd5AufqSSqeM2qN1xzybapC8G4wEGGkZwyTDt1v,36667,0,54916,65471
HnHRbnm4wjrT39VQ6EnTSbgMsJzuzS5axGNoEHq8DFXr,Dm916rGvBmSGY5S61Rpggue2HBrXk487r6g2bUJmcPmQ,wzma,6DHUPxbG7evPY17zHSsmZWbc3wgQEPAdoH9KawBJvVHU,EPjFWdd5AufqSSqeM2qN1xzybapC8G4wEGGkZwyTDt1v,33022,0,54916,65215
FPz8ddmguZDYx6d8FKgGW4QvfzgSnyGnhkNiWQobbDcm,Dm916rGvBmSGY5S61Rpggue2HBrXk487r6g2bUJmcPmQ,wzma,EPjFWdd5AufqSSqeM2qN1xzybapC8G4wEGGkZwyTDt1v,HLRGoPcK1n4fmkowVyBNkVHRoiiCUL2qyneNqTUNpump,0,30050,54916,65471
GFzZmaPpP6Yu6SkAURQ1VyHZQm5zTyHf9MtRcjongGXJ,Dm916rGvBmSGY5S61Rpggue2HBrXk487r6g2bUJmcPmQ,wzma,BJB5tHWAHboMAwti5AHbCNX17F3jL8ehkh4zuTUx99Zn,EPjFWdd5AufqSSqeM2qN1xzybapC8G4wEGGkZwyTDt1v,19860,0,54916,65471
41uPwcrSWgjMVsRjinzGS1zUpQnxfxwYaMks3peKUBys,Dm916rGvBmSGY5S61Rpggue2HBrXk487r6g2bUJmcPmQ,wzma,DyT6mdhiAYbHPML2AVXviGVxMQbc6Z3VmPZ2MQG6pump,EPjFWdd5AufqSSqeM2qN1xzybapC8G4wEGGkZwyTDt1v,13808,0,54916,65471
2VijhcqxLJGCdW9wp7YFTEjbMWUBhmJTLi3eEtp2wQNP,Dm916rGvBmSGY5S61Rpggue2HBrXk487r6g2bUJmcPmQ,wzma,EPjFWdd5AufqSSqeM2qN1xzybapC8G4wEGGkZwyTDt1v,HMNTVAR8yR4x86UNm1MDRYKoEjQtDWorQKSE4jD5WXpg,0,11679,54916,64959
7g3uaag9BgSTHfdGn6sinANT7UaBUbadEPyXQHF1mhw3,Dm916rGvBmSGY5S61Rpggue2HBrXk487r6g2bUJmcPmQ,wzma,84R6wZHapPTGobXfsgmBRpoL7C9dHJj16ahRBjxx2637,EPjFWdd5AufqSSqeM2qN1xzybapC8G4wEGGkZwyTDt1v,9716,0,54916,65471
3q66iEEE6vWBfuwxcz6HbmJpsqzAH5htteexPSoTkCUV,Dm916rGvBmSGY5S61Rpggue2HBrXk487r6g2bUJmcPmQ,wzma,7w9gX1WBAYs6KnTd5oZdNNDS887YcBo4yScj66dUpump,EPjFWdd5AufqSSqeM2qN1xzybapC8G4wEGGkZwyTDt1v,6710,0,54916,65215
25MnZCxYmi1rYMB2mGfeu9zg5ssHySDotHYyw6FSFL3H,Dm916rGvBmSGY5S61Rpggue2HBrXk487r6g2bUJmcPmQ,wzma,CboMcTUYUcy9E6B3yGdFn6aEsGUnYV6yWeoeukw6pump,EPjFWdd5AufqSSqeM2qN1xzybapC8G4wEGGkZwyTDt1v,4762,0,54916,65471
Gg25ww6Dr4hXYrCKpg94vavNCkamsxf4vyu1YkkLVjZu,Dm916rGvBmSGY5S61Rpggue2HBrXk487r6g2bUJmcPmQ,wzma,EPjFWdd5AufqSSqeM2qN1xzybapC8G4wEGGkZwyTDt1v,GACpABn18xqiSJbD9ZEyArJDT9RHRMUut5nK9Z9Spump,0,4721,54916,65215
5w9VWcriLH34cqmtqWa6AkhEVhUdNuzKDdJA5s98uLrf,HDE78Mg7ukJht34qd9yifnDGkdZoAFu5K5dSGQiHDDRq,wzma,AwmMj5ZJe66cJQ5ax7LF5AdVYPy2QcTWkcc3uh8QoCYh,DgG9sM56ZcVidBV8bNArQPm93a2rmjzHkrrUntGSpump,0,3143,48739,65296
BqDLkFqYn1u1ccdjxGSBhC81UPShqRGNyRimvDbTz1qk,Dm916rGvBmSGY5S61Rpggue2HBrXk487r6g2bUJmcPmQ,wzma,CTg3ZgYx79zrE1MteDVkmkcGniiFrK1hJ6yiabropump,EPjFWdd5AufqSSqeM2qN1xzybapC8G4wEGGkZwyTDt1v,2345,0,54916,65471
AvVeFoEokqbosw9UWkYEnwpWhTQd96GeWwV48WjFCEMw,Dm916rGvBmSGY5S61Rpggue2HBrXk487r6g2bUJmcPmQ,wzma,4q3Z58YxrZEAVMLtMwnm7eHtodSD3LSpSNt3pDnqpump,EPjFWdd5AufqSSqeM2qN1xzybapC8G4wEGGkZwyTDt1v,2162,0,54916,64447
B9jiKecdvVtfBC4kkMnokKKhKXZrPrZA4eQpWVTtPduZ,HGYCRq6asBGsmY6bip7GTpRAhmsrWPmsm7yAxoGPRnku,wzma,So11111111111111111111111111111111111111112,7C95pQAtX8M2U97Txut8JSKUp7VLJVyPVEL7xknUAWFy,796,0,34776,65478
xR6yBjkqxNxgLGnwNHBNRUqRDed6fgnu87xsYF3eUnM,Dm916rGvBmSGY5S61Rpggue2HBrXk487r6g2bUJmcPmQ,wzma,3yhxJSWGbQbeSambJ91itqarAVibuxHom3czw7qZpump,HMNTVAR8yR4x86UNm1MDRYKoEjQtDWorQKSE4jD5WXpg,42,74,54916,65471
C3nGKmfM3CHhNuPza2P5crszq25zbvUaHkziCGrEeT9c,Dm916rGvBmSGY5S61Rpggue2HBrXk487r6g2bUJmcPmQ,wzma,EPjFWdd5AufqSSqeM2qN1xzybapC8G4wEGGkZwyTDt1v,HH8bchogQD71iuLghP4cuvSU7vsGJoMJDBxvWTFu7MpA,0,2,54916,64447
