config,created,slot,protocol_fee_rate,reward_super_auth,pools,fee_tiers,token_badges,config_ext
DHzSzuwgJvGdAibU97SZ4L2dGMEeFKtdPzsEaGGuNwQq,2025-01-06,312239812,0,GdPSADtU1Kzj1ueijpHaJWS6HqhoYVXMFR5FzhNBUmrh,453,6,2,1
Dm916rGvBmSGY5S61Rpggue2HBrXk487r6g2bUJmcPmQ,2025-01-02,311444036,300,WzMaL78srutrF6CsxEkWuhMaDF5HZA6jNRaEPengqpb,94,1,0,0
HDE78Mg7ukJht34qd9yifnDGkdZoAFu5K5dSGQiHDDRq,2024-11-19,302365260,2500,WzMaL78srutrF6CsxEkWuhMaDF5HZA6jNRaEPengqpb,48,1,48,1
12yTE48QR6bGK4EMcyY8XsARbX1TRTEbwHYSuuxR1Hp8,2024-03-29,257187306,2500,WzMaL78srutrF6CsxEkWuhMaDF5HZA6jNRaEPengqpb,38,2,0,1
2JFwRaPCGHEaMKBqHWzAx4bZS8ZRQ9GohUzG3fKYB52Z,2024-10-29,298291934,300,WzMaL78srutrF6CsxEkWuhMaDF5HZA6jNRaEPengqpb,27,5,0,1
8HvXpq9FGSy5oNF1cZr4K66BpSpzNrukYRhBM877nrHY,2024-11-16,301686532,100,WzMaL78srutrF6CsxEkWuhMaDF5HZA6jNRaEPengqpb,25,8,8,1
19zArjWikZJL3eLS6ouvFrY4bwrX9KmrmQWCLHtSLU8,2023-02-21,178819452,2500,WzMaL78srutrF6CsxEkWuhMaDF5HZA6jNRaEPengqpb,21,1,0,0
FBb9yqw2Xc9YEDoVBZ3EGho5Vsui5vzYcUddaR2LTx1n,2024-10-29,298316772,0,WzMaL78srutrF6CsxEkWuhMaDF5HZA6jNRaEPengqpb,18,3,0,1
D8WBXfePEmWoK27pRoCKvzfsjZrWZJVmGN9tZguvnKBB,2024-10-29,298291916,300,WzMaL78srutrF6CsxEkWuhMaDF5HZA6jNRaEPengqpb,17,4,0,0
FubQ2DuzSr9y4tjLtjN8QpvjZzJShFDi8hW1GrC2bxjp,2023-02-12,177314640,138,WzMaL78srutrF6CsxEkWuhMaDF5HZA6jNRaEPengqpb,7,4,0,0
RTHQ6Q3ri1p9Ymis9wWw3uUfLJe1Pb8LFg5Ktqkcgav,2024-02-21,249601825,300,WzMaL78srutrF6CsxEkWuhMaDF5HZA6jNRaEPengqpb,6,1,0,0
kgXo7PkoqG6Gvak5VQxf8SoP8t1ktqQnbD7xUPx7SSh,2023-02-06,176308332,138,WzMaL78srutrF6CsxEkWuhMaDF5HZA6jNRaEPengqpb,4,4,0,0
wPNfdbuneqHVx5GkFtdDWeWAvrABT9aTvXNtv1EUoMy,2023-02-06,176318664,138,WzMaL78srutrF6CsxEkWuhMaDF5HZA6jNRaEPengqpb,4,4,0,0
2kmtXeXpdyyXubbF9gMYQ1QUqLXTweMRMs2nBgJrrmBJ,2023-02-06,176327110,138,WzMaL78srutrF6CsxEkWuhMaDF5HZA6jNRaEPengqpb,4,4,0,0
3Vy6uVsaeofL5WJReZYtWY5X7MNEXXvuXUt4v2UYiFky,2023-02-06,176292131,138,WzMaL78srutrF6CsxEkWuhMaDF5HZA6jNRaEPengqpb,4,4,0,0
5WAxpKWE4VQpRwvruM2WnEcHu3F58JZEhAnZYYKCXVKm,2023-02-06,176296304,138,WzMaL78srutrF6CsxEkWuhMaDF5HZA6jNRaEPengqpb,4,4,0,0
7a8VXqvpWfbTnUEvKFeBczb442opH6vjrfpb7QRBMawo,2023-02-06,176294408,138,WzMaL78srutrF6CsxEkWuhMaDF5HZA6jNRaEPengqpb,4,4,0,0
7apdcfF6YsLRkqWEpMrCP3XbS92YjkVxzCmRA71aC7Jw,2023-02-06,176291722,138,WzMaL78srutrF6CsxEkWuhMaDF5HZA6jNRaEPengqpb,4,4,0,0
8JBQ1z3hg2U9tYSkwFVHFiE52eSyrrsgtz3H1uQtA7Rz,2023-02-06,176293194,138,WzMaL78srutrF6CsxEkWuhMaDF5HZA6jNRaEPengqpb,4,4,0,0
8QM5jRy1nZ4pfEqqkJeaD5euhWAtzZW5p4tvEM15UcRL,2023-02-06,176293604,138,WzMaL78srutrF6CsxEkWuhMaDF5HZA6jNRaEPengqpb,4,4,0,0
9LWNQfZKmLFBuJw4T4PPF5UorZBbGTonHowEVrsmQaPo,2023-02-06,176294964,138,WzMaL78srutrF6CsxEkWuhMaDF5HZA6jNRaEPengqpb,4,4,0,0
C2yCnYdxCVMU7DMdtp6CgJGNtSXvEYEMDtd6eb2WRm1g,2023-02-06,176327387,138,WzMaL78srutrF6CsxEkWuhMaDF5HZA6jNRaEPengqpb,4,4,0,0
C8LzgxZmEisgXsGsuizbCTWvQPQJNoaQyU34rLKQftdD,2023-02-06,176331141,138,WzMaL78srutrF6CsxEkWuhMaDF5HZA6jNRaEPengqpb,4,4,0,0
CSfH6FcajYjVKhb6S4zXgnqtP7BdLLbEQuZpetnUCGpm,2023-02-06,176331696,138,WzMaL78srutrF6CsxEkWuhMaDF5HZA6jNRaEPengqpb,4,4,0,0
DdcwuPuE43dxjHaCHB2UGNKdYyc4pycJ3SQRyoPcDnrC,2023-02-06,176292895,138,WzMaL78srutrF6CsxEkWuhMaDF5HZA6jNRaEPengqpb,4,4,0,0
EzAnYeeZ6cho97SEtNAkZbdwbx8mKs5zy3iMHfzNgD8g,2023-02-06,176295705,138,WzMaL78srutrF6CsxEkWuhMaDF5HZA6jNRaEPengqpb,4,4,0,0
GZVdsyVFDz1qKvDrLwwGM3AqNdhcZnU9xitrCeeCbFfF,2023-02-06,176332951,138,WzMaL78srutrF6CsxEkWuhMaDF5HZA6jNRaEPengqpb,4,4,0,0
6cbaX58ATVpyp1C5m4VoZcLN5xvHLkgyhy1Zcwaf2tF7,2023-02-09,176831464,138,WzMaL78srutrF6CsxEkWuhMaDF5HZA6jNRaEPengqpb,4,4,0,0
4vutYXzYRHn2Q6MxspwV4h82MckN1u7SvGUjK4bEGaed,2023-02-11,177255747,138,WzMaL78srutrF6CsxEkWuhMaDF5HZA6jNRaEPengqpb,4,4,0,0
8BSNZGX4nx8b4qqNsRfD55hNXmRu8RhtNYgs8mbfFL8m,2023-02-11,177255538,138,WzMaL78srutrF6CsxEkWuhMaDF5HZA6jNRaEPengqpb,4,4,0,0
8ouKf7WiK3LkXoZPbHq8am3mzuajmi7MXJ8SfreQAZhn,2023-02-11,177122668,138,WzMaL78srutrF6CsxEkWuhMaDF5HZA6jNRaEPengqpb,4,4,0,0
EWmtfwGh9185WApzB1YKe94RVfD9bQzoLTTPEsdFiHXt,2023-02-11,177255630,138,WzMaL78srutrF6CsxEkWuhMaDF5HZA6jNRaEPengqpb,4,4,0,0
J9AZRoMbwvF7tSRLnf2z9ozPaRjBsiqY2kMHDzc2BLSC,2023-02-11,177122832,138,WzMaL78srutrF6CsxEkWuhMaDF5HZA6jNRaEPengqpb,4,4,0,0
eh3BQT778DA7rTM5s7q7MBGZyLiboZ6bzWvZ5oVmevn,2023-02-13,177555380,138,WzMaL78srutrF6CsxEkWuhMaDF5HZA6jNRaEPengqpb,4,4,0,0
8PdyJHamdPwX9PSJ9XBdftF2XAgYpdkHrSQHQpUGaq79,2023-02-13,177554704,138,WzMaL78srutrF6CsxEkWuhMaDF5HZA6jNRaEPengqpb,4,4,0,0
AJvqS84a33ELesMuGxKAjzvfWFwHbywAJZNz1sEMQmNB,2023-02-13,177555562,138,WzMaL78srutrF6CsxEkWuhMaDF5HZA6jNRaEPengqpb,4,4,0,0
HR3c2Sgn6B6WJSXEDnsKyhNEWse4YLNn8sC9YjiCpUKq,2023-02-13,177555511,138,WzMaL78srutrF6CsxEkWuhMaDF5HZA6jNRaEPengqpb,4,4,0,0
2LDbdSNMyuRQ9gCgUKjWm4Znq1US1X2R9aoSenuwkTqP,2024-12-29,310631860,300,WzMaL78srutrF6CsxEkWuhMaDF5HZA6jNRaEPengqpb,4,1,0,0
sEhuXDyrX7RvuURGfQXXBQFcvDCkGYH98agnyaJF1yG,2023-02-09,176845070,138,WzMaL78srutrF6CsxEkWuhMaDF5HZA6jNRaEPengqpb,3,3,0,0
8zHVwK5SakatHEkj3J23tq59Hw7wo4dYfvqUXk89gbh5,2023-02-09,176842608,138,WzMaL78srutrF6CsxEkWuhMaDF5HZA6jNRaEPengqpb,2,3,0,0
7vzRCv6FuaL3vXAKEexAn8hrbQ8VrjBD7Bc8qKzuRZyu,2024-10-29,298313908,0,WzMaL78srutrF6CsxEkWuhMaDF5HZA6jNRaEPengqpb,2,2,0,1
Bwai3jTUTvMfXYbGfMpX4CSi3q7wLXSBHeJeUpzNh9FZ,2024-10-29,298313832,0,WzMaL78srutrF6CsxEkWuhMaDF5HZA6jNRaEPengqpb,2,1,0,0
26ggUdUNDvt6nfLuwBU7p2JpYjxXdF3xjwLjxMvWyWXo,2023-02-06,176289009,138,WzMaL78srutrF6CsxEkWuhMaDF5HZA6jNRaEPengqpb,1,4,0,0
69zFP5y7i7CNbFYAoKFwsUftDnePeKF9R8v6caVzKvJG,2023-02-06,176285493,138,WzMaL78srutrF6CsxEkWuhMaDF5HZA6jNRaEPengqpb,1,1,0,0
715zoEr4Jaryq8KFuiQXTEsDN3iPeAmyQSWkKW14hK5w,2023-02-06,176332761,138,WzMaL78srutrF6CsxEkWuhMaDF5HZA6jNRaEPengqpb,1,2,0,0
7pf1N6BmHHgcN1q2bNScA6bEH9r8i9aCtzSQVYtjCfX9,2023-02-06,176284562,138,WzMaL78srutrF6CsxEkWuhMaDF5HZA6jNRaEPengqpb,1,1,0,0
A4zoeGTmajGipXJzTctkYqqfTYxVCyX26LKTroqKnXmX,2023-02-06,176286611,138,WzMaL78srutrF6CsxEkWuhMaDF5HZA6jNRaEPengqpb,1,4,0,0
EsPfxfw2p98JiRaUjZbaWccnm8ysN9eTHg93KdXfcDuh,2023-02-12,177314589,138,WzMaL78srutrF6CsxEkWuhMaDF5HZA6jNRaEPengqpb,1,2,0,0
Q6wQ4Q3XWoJT2bcYcAGaH2Gk6YAMGPNeicR82DjhBzu,2024-03-29,257181121,150,WzMaL78srutrF6CsxEkWuhMaDF5HZA6jNRaEPengqpb,1,1,0,0
2Jnc2D7N4FqAeQdXW165tzt31YRjVd8QnN6SFYVwfa9e,2024-03-29,257181103,150,WzMaL78srutrF6CsxEkWuhMaDF5HZA6jNRaEPengqpb,1,1,0,0
2MCD1Hx4nhFfyHLzHn6dEtpXEz3vt9xFpQZD1MT4zBzP,2024-03-29,257181121,150,WzMaL78srutrF6CsxEkWuhMaDF5HZA6jNRaEPengqpb,1,1,0,0
2gKcNxJpcLc1tzF7VkSQuWHETXvM8JZ2aQRYyzt7vnEr,2024-03-29,257187829,2500,WzMaL78srutrF6CsxEkWuhMaDF5HZA6jNRaEPengqpb,1,1,0,0
36BLZyBQXQwpuQTCuYdBJnvHkQusRhtAHkfL1sv9ghpp,2024-03-29,257181103,150,WzMaL78srutrF6CsxEkWuhMaDF5HZA6jNRaEPengqpb,1,1,0,0
489cdr2mCTExUysJeqYt5qa1d5TLhk93zwhNMbVy14Te,2024-03-29,257180483,150,WzMaL78srutrF6CsxEkWuhMaDF5HZA6jNRaEPengqpb,1,1,0,0
4AXpb8NatSAmfvJRLFtdcTPmBtuSw1hCSSrRhGaPqfi7,2024-03-29,257182177,150,WzMaL78srutrF6CsxEkWuhMaDF5HZA6jNRaEPengqpb,1,1,0,0
4JQiv2TNvrDcHL3Weqjvn6ZB7SfMMcPfAAXoA1DDJMbT,2024-03-29,257181121,150,WzMaL78srutrF6CsxEkWuhMaDF5HZA6jNRaEPengqpb,1,1,0,0
4VYWXnTs6tbXSfMBreuSQHq2d6UEtcemyU6fgam7Yr4J,2024-03-29,257182187,150,WzMaL78srutrF6CsxEkWuhMaDF5HZA6jNRaEPengqpb,1,1,0,0
4WUgBnZsY4ZiRC65pmTztCCe8QCYDZLg2Q1VPrL9qxvd,2024-03-29,257182366,150,WzMaL78srutrF6CsxEkWuhMaDF5HZA6jNRaEPengqpb,1,1,0,0
54fqZpvvT8vLgA9DVMD6nhDJTG8k15N36WrZsuFPDrAS,2024-03-29,257182368,150,WzMaL78srutrF6CsxEkWuhMaDF5HZA6jNRaEPengqpb,1,1,0,0
5JCSYVFUoCc9z6kvTMoTdqRwLkpZDLQfKy7KsYvdVPNK,2024-03-29,257182893,150,WzMaL78srutrF6CsxEkWuhMaDF5HZA6jNRaEPengqpb,1,1,0,0
5VuHFKZtYhe3sSgKX8ux8yd4JGK2CX8tdqv2C6vUmxJa,2024-03-29,257188266,2500,WzMaL78srutrF6CsxEkWuhMaDF5HZA6jNRaEPengqpb,1,1,0,0
5dCFZTnQVK2oh2bivuFWRRjNc3yBGTfSEXfcKVCYUtCp,2024-03-29,257182654,150,WzMaL78srutrF6CsxEkWuhMaDF5HZA6jNRaEPengqpb,1,1,0,0
5ocKxSD3tAAYp4bnPBZuTLpgjumzKPviCo2EUyvZBARU,2024-03-29,257182189,150,WzMaL78srutrF6CsxEkWuhMaDF5HZA6jNRaEPengqpb,1,1,0,0
6nxsCqcFe2vbMYfLjWCRodxLTgXMdtGE3LaSKV77VRYC,2024-03-29,257181121,150,WzMaL78srutrF6CsxEkWuhMaDF5HZA6jNRaEPengqpb,1,1,0,0
73WrnFXsfxC5cAGHWd1tbZzXMyZn5RTcMTvtt9QyxJy3,2024-03-29,257181589,150,WzMaL78srutrF6CsxEkWuhMaDF5HZA6jNRaEPengqpb,1,1,0,0
7CtGFSBQ6DZFjfusqKXUTVcMrLHtsy187tho7Py2JTUq,2024-03-29,257181121,150,WzMaL78srutrF6CsxEkWuhMaDF5HZA6jNRaEPengqpb,1,1,0,0
7Rot8FzsiB8sFR8MNvNoXZuGg8xoqyYa9ifc9Sfi6Ys5,2024-03-29,257187302,2500,WzMaL78srutrF6CsxEkWuhMaDF5HZA6jNRaEPengqpb,1,1,0,0
7rkpWebkAJPVu5D1aL4MVG8Kx1mQraGgWGdkQZFvsXHF,2024-03-29,257187309,2500,WzMaL78srutrF6CsxEkWuhMaDF5HZA6jNRaEPengqpb,1,1,0,0
8f9ybY4sqdE1535L5ET49uPjz8KoHvC88JiMLgb7MXfR,2024-03-29,257182648,150,WzMaL78srutrF6CsxEkWuhMaDF5HZA6jNRaEPengqpb,1,1,0,0
8fU8M9SkTdqHJ8HvY1BsmnMb9Xd56K7BeQR3yuw3qwQz,2024-03-29,257182185,150,WzMaL78srutrF6CsxEkWuhMaDF5HZA6jNRaEPengqpb,1,1,0,0
9VkExN7P1pXE4yyWKzpMBA5ZyMQHkNvLyEjentQKPWKz,2024-03-29,257180493,150,WzMaL78srutrF6CsxEkWuhMaDF5HZA6jNRaEPengqpb,1,1,0,0
BABsfxfqaSQFXBrWGjSis88FJPGgG1y6EDP31QL6mE2x,2024-03-29,257187845,2500,WzMaL78srutrF6CsxEkWuhMaDF5HZA6jNRaEPengqpb,1,1,0,0
BXK4gzvxteCfZqmaigZaxjs8zeobYR5GRdhreYUNp2h3,2024-03-29,257186697,2500,WzMaL78srutrF6CsxEkWuhMaDF5HZA6jNRaEPengqpb,1,1,0,0
BhgmK5PHsruNG1zjwLpab5NMxzSRZVNDeTq5m3vnBTwM,2024-03-29,257180477,150,WzMaL78srutrF6CsxEkWuhMaDF5HZA6jNRaEPengqpb,1,1,0,0
BiAxBVjU15uGaPZcwSeBsKPPugu4P8MvtCumE4XvW14C,2024-03-29,257182189,150,WzMaL78srutrF6CsxEkWuhMaDF5HZA6jNRaEPengqpb,1,1,0,0
CqYmZ8UYJe9yq8q3FCQM8ghBvNa6gKNf6Fdyws2VVFeq,2024-03-29,257187311,2500,WzMaL78srutrF6CsxEkWuhMaDF5HZA6jNRaEPengqpb,1,1,0,0
D1qnp5qMqhX2ACjWCHZPbHxoeCoyHot72BTQbnwzJZWH,2024-03-29,257187317,2500,WzMaL78srutrF6CsxEkWuhMaDF5HZA6jNRaEPengqpb,1,1,0,0
D1r4a4VCn2xM5bzGG1s5WV4Tm6Dns12tCKhuNnthFM9y,2024-03-29,257186697,2500,WzMaL78srutrF6CsxEkWuhMaDF5HZA6jNRaEPengqpb,1,1,0,0
DNfiB5Q1bAXJKTebrhFHznni1zNnrJN2mj9RKx1Li1iE,2024-03-29,257182172,150,WzMaL78srutrF6CsxEkWuhMaDF5HZA6jNRaEPengqpb,1,1,0,0
GKE2EAPeNjYbDveJfwkAAEdFwEL17y2mSVgMftA8PJUy,2024-03-29,257182169,150,WzMaL78srutrF6CsxEkWuhMaDF5HZA6jNRaEPengqpb,1,1,0,0
GuD3YpxeXZxBGwTrzaaDSdaRA68SXZTMJJSSxiRAhFoG,2024-03-29,257186724,2500,WzMaL78srutrF6CsxEkWuhMaDF5HZA6jNRaEPengqpb,1,1,0,0
H79TbrB7vAmAorCL8qbDSc2wKvoJ3SkAcokhJGof3dZM,2024-03-29,257182359,150,WzMaL78srutrF6CsxEkWuhMaDF5HZA6jNRaEPengqpb,1,1,0,0
HgysWCQ32g1Zdk2wQizZTCr7N7DzCpTtiXuDrrQJE21m,2024-03-29,257180474,150,WzMaL78srutrF6CsxEkWuhMaDF5HZA6jNRaEPengqpb,1,1,0,0
HpruptJkTX7axodETC9X9sARjiwP7crpsGxXLnaCksCt,2024-03-29,257181316,150,WzMaL78srutrF6CsxEkWuhMaDF5HZA6jNRaEPengqpb,1,1,0,0
aL3eKL4GTEd2eNNv2QGFky59SWE2wKfcco5xeu6KE9G,2024-10-04,293674588,666,WzMaL78srutrF6CsxEkWuhMaDF5HZA6jNRaEPengqpb,1,1,1,1
sBnwuCoapM7Bc9h5SteC7sFiFqyCedX7omUekdJVfNH,2024-10-04,293666997,666,WzMaL78srutrF6CsxEkWuhMaDF5HZA6jNRaEPengqpb,1,1,1,1
2JHzz93gQbr4RhbdP9RanQYTHD7g487ixZfr6ir5mGLq,2024-10-04,293692553,666,WzMaL78srutrF6CsxEkWuhMaDF5HZA6jNRaEPengqpb,1,1,1,1
2oGfEgvbpJCgNFjkbUAYG9jvkb7RDFKiT2u53EGgdJuY,2024-10-04,293695102,666,WzMaL78srutrF6CsxEkWuhMaDF5HZA6jNRaEPengqpb,1,1,1,1
2xagch8SRN9Y3mSeCkFERvtXCXd7oVdWPrVjCeXYQLqb,2024-10-04,293668276,666,WzMaL78srutrF6CsxEkWuhMaDF5HZA6jNRaEPengqpb,1,1,1,1
317dmtzP98fQcjFXo3QJEi5CR2D6Qce8UJshBkLWjBeV,2024-10-04,293695332,666,WzMaL78srutrF6CsxEkWuhMaDF5HZA6jNRaEPengqpb,1,1,1,1
36sASr5ABxVDQXAN83bg2Qejex7er8JFXyeJXL5RQoQa,2024-10-04,293694533,666,WzMaL78srutrF6CsxEkWuhMaDF5HZA6jNRaEPengqpb,1,1,1,1
3Efa8FiiZ5XvpvRmvfAv76DSp8GUaWhm624z3m9Apdpe,2024-10-04,293697240,666,WzMaL78srutrF6CsxEkWuhMaDF5HZA6jNRaEPengqpb,1,1,1,1
3uNwyFYRESgaGx2qCyiB1a6GTqrPkUhn1EArSYvEc59j,2024-10-04,293692980,666,WzMaL78srutrF6CsxEkWuhMaDF5HZA6jNRaEPengqpb,1,1,1,1
3ucLFz1jAuJfHbK8GEiVtqaZ1AsMomyTbFvcVv5Yag1K,2024-10-04,293693364,666,WzMaL78srutrF6CsxEkWuhMaDF5HZA6jNRaEPengqpb,1,1,1,1
4uGWtb3T6d74jRsWc87nJyWCosNdHWdr4f3tRByCsq6q,2024-10-04,293692051,666,WzMaL78srutrF6CsxEkWuhMaDF5HZA6jNRaEPengqpb,1,1,1,1
5137hBdEPMQTbgjFEn6qFZcymNyChsKCkXQuAbguGGzo,2024-10-04,293695272,666,WzMaL78srutrF6CsxEkWuhMaDF5HZA6jNRaEPengqpb,1,1,1,1
52nWoMx6ce2N8Z4QfJ7GXfuQRAYBXphpVf3ZxiQm5MbV,2024-10-04,293695244,666,WzMaL78srutrF6CsxEkWuhMaDF5HZA6jNRaEPengqpb,1,1,1,1
58ax3vD2ctVtdj74k1NjneNoRWpQ9Cg4r6VRwGeTeSFt,2024-10-04,293694516,666,WzMaL78srutrF6CsxEkWuhMaDF5HZA6jNRaEPengqpb,1,1,1,1
5ZvZTgQuSduiKxFjgvWeexQ6e52XawgKEYYd5zk1bZYm,2024-10-04,293692982,666,WzMaL78srutrF6CsxEkWuhMaDF5HZA6jNRaEPengqpb,1,1,1,1
5tr3t324y24ForBJmJEMZHhmvexGfEsQbAcJVC1DwCor,2024-10-04,293695132,666,WzMaL78srutrF6CsxEkWuhMaDF5HZA6jNRaEPengqpb,1,1,1,1
6DGT3FrNao1apyZmAZ3mBYnUqp6sBqNYepN87m8bJTvk,2024-10-04,293691253,666,WzMaL78srutrF6CsxEkWuhMaDF5HZA6jNRaEPengqpb,1,1,1,1
6nK4nZEaqMyixNKaTvayA9heFHzNTyg9ASBx7RzqBDCf,2024-10-04,293695333,666,WzMaL78srutrF6CsxEkWuhMaDF5HZA6jNRaEPengqpb,1,1,1,1
7dzBGfnbnKBgsHLqZt1aLbs3p7TRHR5FMkE7UscSutqs,2024-10-04,293692982,666,WzMaL78srutrF6CsxEkWuhMaDF5HZA6jNRaEPengqpb,1,1,1,1
7waWo3JroTHr9GGe3rALNDAs2JviWNLHY1h2hahED7DH,2024-10-04,293692162,666,WzMaL78srutrF6CsxEkWuhMaDF5HZA6jNRaEPengqpb,1,1,1,1
7ws4iyteyVjQ2mQxEsgBc777MccsHpgUHX7YMm6tmVhd,2024-10-04,293693457,666,WzMaL78srutrF6CsxEkWuhMaDF5HZA6jNRaEPengqpb,1,1,1,1
81aqEcwr7rqime244GctpYJSjvKWcnbYiDHzAMggvJPp,2024-10-04,293691710,666,WzMaL78srutrF6CsxEkWuhMaDF5HZA6jNRaEPengqpb,1,1,1,1
88g33LsFojDmQkDjbbGomV97ZvEcoMo2DL4VJjW18fMh,2024-10-04,293693439,666,WzMaL78srutrF6CsxEkWuhMaDF5HZA6jNRaEPengqpb,1,1,1,1
8K1w5QWNB8AyvFe6eGkCHeL28zzNXDPM9WDsMx5iJq75,2024-10-04,293674129,666,WzMaL78srutrF6CsxEkWuhMaDF5HZA6jNRaEPengqpb,1,1,1,1
8QvmwTJFcr9v3ofkTJtRi9wK4trBmMdnusLaa2PHEp18,2024-10-04,293695319,666,WzMaL78srutrF6CsxEkWuhMaDF5HZA6jNRaEPengqpb,1,1,1,1
99opTq4yJaUGZ1pWbi8naEB3UB7mt9r52WWPXisSqhaQ,2024-10-04,293691507,666,WzMaL78srutrF6CsxEkWuhMaDF5HZA6jNRaEPengqpb,1,1,1,1
9SRaZrPbiSHRi9UAwXxKuU4gM64WsXw5GCXbHewQKnUn,2024-10-04,293697916,666,WzMaL78srutrF6CsxEkWuhMaDF5HZA6jNRaEPengqpb,1,1,1,1
ADHG4AEQr9i4RMriXu9NbFoJnfUGSVVjZRtwCALuLZTH,2024-10-04,293666703,666,WzMaL78srutrF6CsxEkWuhMaDF5HZA6jNRaEPengqpb,1,1,1,1
AyNa9jmQbTNXfm5R214J2YdJauhpkELN2Q7CHHjZdke4,2024-10-04,293690762,666,WzMaL78srutrF6CsxEkWuhMaDF5HZA6jNRaEPengqpb,1,1,1,1
Ce63qDHuzcogw8NyHS5uvWLVRjsyBDWNwrBPtu57zBkE,2024-10-04,293696900,666,WzMaL78srutrF6CsxEkWuhMaDF5HZA6jNRaEPengqpb,1,1,1,1
ERFkkJTrFZgCcxuNonpEYsM5nYLaz72NhVn3cHnYBru4,2024-10-04,293666988,666,WzMaL78srutrF6CsxEkWuhMaDF5HZA6jNRaEPengqpb,1,1,1,1
EXjLjXYyCCEA9S2vXyucXTefCHv4RDRwVAEUs8eSx1ai,2024-10-04,293692552,666,WzMaL78srutrF6CsxEkWuhMaDF5HZA6jNRaEPengqpb,1,1,1,1
G4eBSSb5Eo5PZ6XyuHbxVc9NMeeuQDYwPV3Se1VeCcux,2024-10-04,293674123,666,WzMaL78srutrF6CsxEkWuhMaDF5HZA6jNRaEPengqpb,1,1,1,1
GYkzZ4rHGpZiD1kHTmv24ypfUVUzUNGgvcJJKFWRPPg7,2024-10-04,293696696,666,WzMaL78srutrF6CsxEkWuhMaDF5HZA6jNRaEPengqpb,1,1,1,1
GvAY2BUmu3hpoRukorWyuEa83adtFCJ2tsvNb1NQwAxb,2024-10-04,293692880,666,WzMaL78srutrF6CsxEkWuhMaDF5HZA6jNRaEPengqpb,1,1,1,1
H41D98Ld9g7ni8WWo3xNt5fU3rdByJ5THMaiEWZ8PdhS,2024-10-04,293691589,666,WzMaL78srutrF6CsxEkWuhMaDF5HZA6jNRaEPengqpb,1,1,1,1
HiscsxNPcKkjTYWaQppTrLBqgLd4zZrbp68GDYZiLjVa,2024-10-04,293691505,666,WzMaL78srutrF6CsxEkWuhMaDF5HZA6jNRaEPengqpb,1,1,1,1
n2aCDJepz33uhUTMAF2dmZEsXjv1YGw4DKXBLKpZjpm,2024-10-06,294132577,666,WzMaL78srutrF6CsxEkWuhMaDF5HZA6jNRaEPengqpb,1,1,1,1
2mN7w5TBgya5H2rxUooVvaaCnx5azSTLmU1o58mvgtiv,2024-10-06,294122093,666,WzMaL78srutrF6CsxEkWuhMaDF5HZA6jNRaEPengqpb,1,1,1,1
2ueaMPD99mjgjsyCcAmknmtzNYx5sMi8HUWaKe8zPHcE,2024-10-06,294128980,666,WzMaL78srutrF6CsxEkWuhMaDF5HZA6jNRaEPengqpb,1,1,1,1
3P8EvrBmjZL6P8pwuARcmYTfzTfkNqsYB5yxu8MfYngd,2024-10-06,294134132,666,WzMaL78srutrF6CsxEkWuhMaDF5HZA6jNRaEPengqpb,1,1,1,1
3cguzyoRXsmEHreeoQdXJsJRtfij5c253fJGMCR3HuGT,2024-10-06,294134742,666,WzMaL78srutrF6CsxEkWuhMaDF5HZA6jNRaEPengqpb,1,1,1,1
4cRaGvmERuV8bZYg5TzF8zjqh33KzT7sL6Reb8y1CPEK,2024-10-06,294133253,666,WzMaL78srutrF6CsxEkWuhMaDF5HZA6jNRaEPengqpb,1,1,1,1
5KgBxpeG1Zc4X8hcpKCUQaJsSckF8n4TBNoWHcgKrQ7r,2024-10-06,294134520,666,WzMaL78srutrF6CsxEkWuhMaDF5HZA6jNRaEPengqpb,1,1,1,1
5UuhnPyFY9kMs5YFWRPrLDZXWjjAQpvDTYTpxygrv6FS,2024-10-06,294132797,666,WzMaL78srutrF6CsxEkWuhMaDF5HZA6jNRaEPengqpb,1,1,1,1
77b5smCsJ7GLybJdo1o8asxW9JxwvZdUNqyhHHTpPg95,2024-10-06,294134156,666,WzMaL78srutrF6CsxEkWuhMaDF5HZA6jNRaEPengqpb,1,1,1,1
7SgSLff34bpyYq7QBdqGkZRPgNUAq9mPfc6iRY3Q3mNC,2024-10-06,294133616,666,WzMaL78srutrF6CsxEkWuhMaDF5HZA6jNRaEPengqpb,1,1,1,1
7t74WhvTgmkfyZBcuHgR7fWxhJc3ro8RoQTveV6qedty,2024-10-06,294129779,666,WzMaL78srutrF6CsxEkWuhMaDF5HZA6jNRaEPengqpb,1,1,1,1
83Qzj5gg199YtxaqESDg3wgPuwr471VzTsyrY1eX8xmP,2024-10-06,294133036,666,WzMaL78srutrF6CsxEkWuhMaDF5HZA6jNRaEPengqpb,1,1,1,1
8xqs3HchDXiYnDxf2jxcfKoAvFSnYaUKy9UYQZ7yRnvv,2024-10-06,294132884,666,WzMaL78srutrF6CsxEkWuhMaDF5HZA6jNRaEPengqpb,1,1,1,1
9FthPtpUtYxzken6ujMnvkWU7ZGkab1XAc988naiE7sF,2024-10-06,294130825,666,WzMaL78srutrF6CsxEkWuhMaDF5HZA6jNRaEPengqpb,1,1,1,1
9kLF4ETAip8h5zpyW2NPoUFHLic1iT9psw1aBaX2GPza,2024-10-06,294133833,666,WzMaL78srutrF6CsxEkWuhMaDF5HZA6jNRaEPengqpb,1,1,1,1
9nsehnPKkJ8E3PkGvtyMHAn21oFoSqjDobJiNctzgNRz,2024-10-06,294133814,666,WzMaL78srutrF6CsxEkWuhMaDF5HZA6jNRaEPengqpb,1,1,1,1
CctRW3wRCuBXrWzPEn3GfW5nFyMGwS6Evc4NT3ypVAk5,2024-10-06,294131408,666,WzMaL78srutrF6CsxEkWuhMaDF5HZA6jNRaEPengqpb,1,1,1,1
CgK2erfxJK2BfqZtm3DpPVzWrvZfaJSLh1tVYZrKaQ9F,2024-10-06,294132971,666,WzMaL78srutrF6CsxEkWuhMaDF5HZA6jNRaEPengqpb,1,1,1,1
ChkAkFZXm6eY9XMHeXGWa4g8WzTnBc1cX514RjW8Kfjs,2024-10-06,294132152,666,WzMaL78srutrF6CsxEkWuhMaDF5HZA6jNRaEPengqpb,1,1,1,1
FTyaSQzp7HEmxj9dxW9VHBss3Yb8YpyH42scCiEFuvc5,2024-10-06,294133436,666,WzMaL78srutrF6CsxEkWuhMaDF5HZA6jNRaEPengqpb,1,1,1,1
FxPhqQ72sJH1SyYV1fmZxFWnFETZMqNPGHsRCT7p6g1k,2024-10-06,294134459,666,WzMaL78srutrF6CsxEkWuhMaDF5HZA6jNRaEPengqpb,1,1,1,1
HoUviExkSjRcCPeTDQqHENVNLfRypznbseWH2wNQF65z,2024-10-06,294134048,666,WzMaL78srutrF6CsxEkWuhMaDF5HZA6jNRaEPengqpb,1,1,1,1
JAJoYyzCBW1eZVK5Ybnc7A6PAUv427uBkMswRGbNwSe4,2024-10-06,294133356,666,WzMaL78srutrF6CsxEkWuhMaDF5HZA6jNRaEPengqpb,1,1,1,1
sSqvbydnRUzjRszrQQ9EKM4qDaC7dTXye1482iksanR,2024-10-07,294135495,666,WzMaL78srutrF6CsxEkWuhMaDF5HZA6jNRaEPengqpb,1,1,1,1
2M2uWWo96FBV7Q2mmz1JxEx7NRtxFqUXku63cHqEBvwR,2024-10-07,294137602,666,WzMaL78srutrF6CsxEkWuhMaDF5HZA6jNRaEPengqpb,1,1,1,1
3FZ1yBkmKgkYogNX956Gd5uDDkYJWo2AeooXW4fpxi7o,2024-10-07,294137109,666,WzMaL78srutrF6CsxEkWuhMaDF5HZA6jNRaEPengqpb,1,1,1,1
4Prbmx2EMAppumbf5XLm9Vi4E2YD9W989T8vwerUTpJX,2024-10-07,294135803,666,WzMaL78srutrF6CsxEkWuhMaDF5HZA6jNRaEPengqpb,1,1,1,1
7jhSksYQnPs6B4EAxPrT6pXwWBEXL9wUmeWJ66oN1mhj,2024-10-07,294136569,666,WzMaL78srutrF6CsxEkWuhMaDF5HZA6jNRaEPengqpb,1,1,1,1
8RHiv5xYhAMg7cdgR97zDsMkqT1cdoJe4ArKoDJPtngL,2024-10-07,294136569,666,WzMaL78srutrF6CsxEkWuhMaDF5HZA6jNRaEPengqpb,1,1,1,1
8hdTW4eVCHC2hJ29kf1HkU6MiBR6XsZ1ryi4VrjGg32F,2024-10-07,294149524,666,WzMaL78srutrF6CsxEkWuhMaDF5HZA6jNRaEPengqpb,1,1,1,1
BtJghMidPMjUKqF2vDXofQPXA8BRu3Q4PdnFSJP7pLPt,2024-10-07,294140941,666,WzMaL78srutrF6CsxEkWuhMaDF5HZA6jNRaEPengqpb,1,1,1,1
ByfADWCGYPbt2yiZ7JHpdSmE65kNzkgcozcdpmbV6crt,2024-10-07,294140253,666,WzMaL78srutrF6CsxEkWuhMaDF5HZA6jNRaEPengqpb,1,1,1,1
CmKsRHrN3pCPEKR2XkWDWqMXDpwjvHYcqeJ68NX4hsgx,2024-10-07,294139416,666,WzMaL78srutrF6CsxEkWuhMaDF5HZA6jNRaEPengqpb,1,1,1,1
D3qqyt2PrzxNAk85As4NYeF7K2SjocjjuNEcSaQLGWoB,2024-10-07,294136089,666,WzMaL78srutrF6CsxEkWuhMaDF5HZA6jNRaEPengqpb,1,1,1,1
D4qqFoc8Z5twB2rgatmJYDtG7BebA9Fe1wfsByvUqXsf,2024-10-07,294135941,666,WzMaL78srutrF6CsxEkWuhMaDF5HZA6jNRaEPengqpb,1,1,1,1
DcZbAzZUWjpAMukR7KKTxzvTWJ6bSVRYox7g8CQhQTtn,2024-10-07,294136569,666,WzMaL78srutrF6CsxEkWuhMaDF5HZA6jNRaEPengqpb,1,1,1,1
DnXkio2k3vFLKNCNv2N2ouu7cTfeVDAgbzX9r1aZdV4V,2024-10-07,294138126,666,WzMaL78srutrF6CsxEkWuhMaDF5HZA6jNRaEPengqpb,1,1,1,1
F8ze8DeroxchAjdAvCbk3h1vCysJuUFSbW24gdhsEjon,2024-10-07,294136569,666,WzMaL78srutrF6CsxEkWuhMaDF5HZA6jNRaEPengqpb,1,1,1,1
Ff99q3zmo7oUYhEXuFsLzKNzkh2UwbPKS3D2cFVKJ2mr,2024-10-07,294139380,666,WzMaL78srutrF6CsxEkWuhMaDF5HZA6jNRaEPengqpb,1,1,1,1
HGYCRq6asBGsmY6bip7GTpRAhmsrWPmsm7yAxoGPRnku,2024-10-07,294140926,666,WzMaL78srutrF6CsxEkWuhMaDF5HZA6jNRaEPengqpb,1,1,1,1
HUg3vHJGxierR1Zb1dQxhBcaCeSusqR3DdXjxnpq7hJA,2024-10-07,294140109,666,WzMaL78srutrF6CsxEkWuhMaDF5HZA6jNRaEPengqpb,1,1,1,1
jy6fXQtTni84o3U5zVLTYsdZGJ1VzVnr3jfTuy7TRpB,2024-10-09,294680077,666,WzMaL78srutrF6CsxEkWuhMaDF5HZA6jNRaEPengqpb,1,1,1,1
p1UPpUSctE8fe2PjHZxuxMhtZUZpYy7heEiX3PCices,2024-10-09,294684616,666,WzMaL78srutrF6CsxEkWuhMaDF5HZA6jNRaEPengqpb,1,1,1,1
2Mfaj9WhdhEuVEumtZFivffLVDNxsWjy9rXXvKU6wH4E,2024-10-09,294690204,666,WzMaL78srutrF6CsxEkWuhMaDF5HZA6jNRaEPengqpb,1,1,1,1
2yYVSMzhJeNCHsxBEkCsL99oF2EcFDp84Vg3BUNsQYTN,2024-10-09,294683076,666,WzMaL78srutrF6CsxEkWuhMaDF5HZA6jNRaEPengqpb,1,1,1,1
33gYSfauYxrGSeuUJYjVqubfN8hB4rF8T2G7VeXys1K4,2024-10-09,294682728,666,WzMaL78srutrF6CsxEkWuhMaDF5HZA6jNRaEPengqpb,1,1,1,1
3eme3T7pa8YK96qp4Y6fWWumP1ZxfrcHLKCRsLD8zWpA,2024-10-09,294680604,666,WzMaL78srutrF6CsxEkWuhMaDF5HZA6jNRaEPengqpb,1,1,1,1
3gGpCamfXQKM7ek1XUCBX9K9qxqEYmDHSaQ6RzF9xgtp,2024-10-09,294682148,666,WzMaL78srutrF6CsxEkWuhMaDF5HZA6jNRaEPengqpb,1,1,1,1
3yCRN7fFvAhVy8WYf6VtwGiFnXrQXWGX1SBH2cDEKqsh,2024-10-09,294685704,666,WzMaL78srutrF6CsxEkWuhMaDF5HZA6jNRaEPengqpb,1,1,1,1
4GzL4LWEgRGGPpmxopHEunJgVwxU9svjEeC8TvnmtkaB,2024-10-09,294682148,666,WzMaL78srutrF6CsxEkWuhMaDF5HZA6jNRaEPengqpb,1,1,1,1
4HiRwcQ8vo3BSn1jna9btRnjg5r5Ltwaiyd7caoWCw1E,2024-10-09,294683568,666,WzMaL78srutrF6CsxEkWuhMaDF5HZA6jNRaEPengqpb,1,1,1,1
4MeRqCsVKdtXNQLiDUNFJFJfCgchuTbEfiHpiKv82q77,2024-10-09,294681840,666,WzMaL78srutrF6CsxEkWuhMaDF5HZA6jNRaEPengqpb,1,1,1,1
4Vzoud5AgMSbAGPR88HJReMAtcwpnBXd1rs8vrmzKok1,2024-10-09,294681645,666,WzMaL78srutrF6CsxEkWuhMaDF5HZA6jNRaEPengqpb,1,1,1,1
524oz87nbHLUNRsn3WvT9XtcGX1tNQa5pnyTvFZmQxTP,2024-10-09,294682149,666,WzMaL78srutrF6CsxEkWuhMaDF5HZA6jNRaEPengqpb,1,1,1,1
5BiLx7UFxCCjVD9KhmrssY5T3M4gAoNY5PSATg65RmnS,2024-10-09,294679625,666,WzMaL78srutrF6CsxEkWuhMaDF5HZA6jNRaEPengqpb,1,1,1,1
5aCf1ffvdwprCkMhdn5dYyvf9EAr9fkdNC2n3JgGAiQZ,2024-10-09,294689688,666,WzMaL78srutrF6CsxEkWuhMaDF5HZA6jNRaEPengqpb,1,1,1,1
5xjCt6RnF9Qnj2GcpzyNqig75qyBkuLTHcwR5dmtmHAi,2024-10-09,294679298,666,WzMaL78srutrF6CsxEkWuhMaDF5HZA6jNRaEPengqpb,1,1,1,1
66HpV7AwQMHNRqaxJFgFFN4iR9W6e69YHzzC7ZFWfn3n,2024-10-09,294685703,666,WzMaL78srutrF6CsxEkWuhMaDF5HZA6jNRaEPengqpb,1,1,1,1
6Q8FT6adscSNkcxNcSzpY8z1ioAszGqANXp6DBD8UbwP,2024-10-09,294708800,666,WzMaL78srutrF6CsxEkWuhMaDF5HZA6jNRaEPengqpb,1,1,1,1
6UMLz17SNe9nHhJZ86V9zrxqs52Y7U5XhnnzxVgSNZcw,2024-10-09,294709129,666,WzMaL78srutrF6CsxEkWuhMaDF5HZA6jNRaEPengqpb,1,1,1,1
6WHBUuwDy2Er8aQmirSWbNvmRXftDs1MP6npJj1urKmQ,2024-10-09,294679624,666,WzMaL78srutrF6CsxEkWuhMaDF5HZA6jNRaEPengqpb,1,1,1,1
6k7fTLwnphqG3f2YDygZYLeumtaCWTfTZrgc7bSCvnAZ,2024-10-09,294684852,666,WzMaL78srutrF6CsxEkWuhMaDF5HZA6jNRaEPengqpb,1,1,1,1
7FULJXp4GKQpSMpjujosnt9BL6HDVEsyvzdwYFBpFbiv,2024-10-09,294682148,666,WzMaL78srutrF6CsxEkWuhMaDF5HZA6jNRaEPengqpb,1,1,1,1
7Ui6rheccrpiAU81vw4rHe5UeurAZVKiv82u9dtg6Zys,2024-10-09,294685096,666,WzMaL78srutrF6CsxEkWuhMaDF5HZA6jNRaEPengqpb,1,1,1,1
823kq9dZ3Ugy9p4uJXDGgUtVMibR55yA7oFnKzUcoHzs,2024-10-09,294679298,666,WzMaL78srutrF6CsxEkWuhMaDF5HZA6jNRaEPengqpb,1,1,1,1
8i2rTLv95ezweSqppuCPmLqL1g6nvP8uD4VrdveWkjUA,2024-10-09,294679748,666,WzMaL78srutrF6CsxEkWuhMaDF5HZA6jNRaEPengqpb,1,1,1,1
8pSEvMCA6v4bDU7kEmmcbTtEhWQH4rbN6SHYpeY9tSrF,2024-10-09,294709216,666,WzMaL78srutrF6CsxEkWuhMaDF5HZA6jNRaEPengqpb,1,1,1,1
9pYnkxPwtXJhjuX9o5Yhg2CNBHh76erUC9cmzkPtgwEA,2024-10-09,294685704,666,WzMaL78srutrF6CsxEkWuhMaDF5HZA6jNRaEPengqpb,1,1,1,1
AUiqMHLrscS7yUHspRo8k642Uz5q1rrNzBxC64b2mx1V,2024-10-09,294682455,666,WzMaL78srutrF6CsxEkWuhMaDF5HZA6jNRaEPengqpb,1,1,1,1
Ac142vAE9vWFVhc3Tz4kGNRWo8urA72PRESxuBQUrHs1,2024-10-09,294683076,666,WzMaL78srutrF6CsxEkWuhMaDF5HZA6jNRaEPengqpb,1,1,1,1
AvRN98dfj1sB13FyRC7mrYi6znHGw1G411ZoAvNQaY2E,2024-10-09,294680084,666,WzMaL78srutrF6CsxEkWuhMaDF5HZA6jNRaEPengqpb,1,1,1,1
BPisekqXm475EPcpZRuYNwM5UouuJBLxBQ6bAQLp2jwT,2024-10-09,294683854,666,WzMaL78srutrF6CsxEkWuhMaDF5HZA6jNRaEPengqpb,1,1,1,1
CG9LE8CfipB5Qj2z5PcwYS7Jp5wsDdiJQfasPB1sMiRS,2024-10-09,294681840,666,WzMaL78srutrF6CsxEkWuhMaDF5HZA6jNRaEPengqpb,1,1,1,1
Cc7Y5m3XzFncpNSuFiobKGJJrUtTbhyw4ubim8MR9snz,2024-10-09,294690300,666,WzMaL78srutrF6CsxEkWuhMaDF5HZA6jNRaEPengqpb,1,1,1,1
CstuY1GfbVdhDCkTcaLPyQmhq1UQ3nCrFq9GyoS9ykTv,2024-10-09,294681645,666,WzMaL78srutrF6CsxEkWuhMaDF5HZA6jNRaEPengqpb,1,1,1,1
DUrGQK8Q3JMm9Zjp2hrx1x9Xn3APdYjz3FmSyXrJmteE,2024-10-09,294686044,666,WzMaL78srutrF6CsxEkWuhMaDF5HZA6jNRaEPengqpb,1,1,1,1
E2a4ueXnzb7bjiAAtEmHMBi63JiBZpPe5ZGbNXEGTp9i,2024-10-09,294683460,666,WzMaL78srutrF6CsxEkWuhMaDF5HZA6jNRaEPengqpb,1,1,1,1
EBTq94cNTGvmCWSxBoBNfkkvqQRYoYeD2jUzjkrB6K36,2024-10-09,294682456,666,WzMaL78srutrF6CsxEkWuhMaDF5HZA6jNRaEPengqpb,1,1,1,1
EC1XTmUWFSvvxcYA4UkJHNwnr5mVvSayRAHJ2PWPe3eY,2024-10-09,294682148,666,WzMaL78srutrF6CsxEkWuhMaDF5HZA6jNRaEPengqpb,1,1,1,1
FN8XXNr2LzferDJ8kRGAp2MvzTwsxvn6bJEitA3QvzTo,2024-10-09,294686044,666,WzMaL78srutrF6CsxEkWuhMaDF5HZA6jNRaEPengqpb,1,1,1,1
FdLhkMpCLrEd3A1xmxetQemBM59abNsZJZe1n2RZykE7,2024-10-09,294680604,666,WzMaL78srutrF6CsxEkWuhMaDF5HZA6jNRaEPengqpb,1,1,1,1
GDNCkfhnRTfAnAFKFbNRuy5ijU7tPxRQZ7RonA1ShcgY,2024-10-09,294683076,666,WzMaL78srutrF6CsxEkWuhMaDF5HZA6jNRaEPengqpb,1,1,1,1
GhCCoaq4WP1NyFJuEgzLeh9HP7zzcjvxz64zBRCasav1,2024-10-09,294682148,666,WzMaL78srutrF6CsxEkWuhMaDF5HZA6jNRaEPengqpb,1,1,1,1
H8LMmn6YgymxvJDLWtLyWS5kcZQ9PNYijLsi56TnjbPr,2024-10-09,294684028,666,WzMaL78srutrF6CsxEkWuhMaDF5HZA6jNRaEPengqpb,1,1,1,1
HaKVBo8EYhD7818SzH3gCd5rWmrsgMCwnYqjX96S7sKe,2024-10-09,294682728,666,WzMaL78srutrF6CsxEkWuhMaDF5HZA6jNRaEPengqpb,1,1,1,1
HbgLPivuhAZzobPzcssxwoZdgRtumaBzQRL6eqpi8oy8,2024-10-09,294684991,666,WzMaL78srutrF6CsxEkWuhMaDF5HZA6jNRaEPengqpb,1,1,1,1
HwCMtAZzG4eSDirsVHrHDmYsR7uNz4igPMevY24poB53,2024-10-09,294683860,666,WzMaL78srutrF6CsxEkWuhMaDF5HZA6jNRaEPengqpb,1,1,1,1
Hz9AkGoyRkZkANhaDjdpBS3BtJt1L9d3gpnpCbA8Wjwu,2024-10-09,294683076,666,WzMaL78srutrF6CsxEkWuhMaDF5HZA6jNRaEPengqpb,1,1,1,1
HzZWfGJ3Wbs6BBbQCDQVP4tunms953zvn394Z1k4sTdi,2024-10-09,294683889,666,WzMaL78srutrF6CsxEkWuhMaDF5HZA6jNRaEPengqpb,1,1,1,1
J4ZATiHf49kdUScRgiYLmnFm9fAaYYDnzsqGZdZBLZbP,2024-10-09,294683460,666,WzMaL78srutrF6CsxEkWuhMaDF5HZA6jNRaEPengqpb,1,1,1,1
3enNaR4yiYepoJyaVeU9r3ePJ4YXroSKLdp8XhkNrAK2,2024-10-10,294746700,666,WzMaL78srutrF6CsxEkWuhMaDF5HZA6jNRaEPengqpb,1,1,1,1
9Rnq9vE87MhP3HVwzgHen269Lop7qXvzJA2wCLKdQwEb,2024-10-11,294999268,666,WzMaL78srutrF6CsxEkWuhMaDF5HZA6jNRaEPengqpb,1,1,1,1
Cc7KdAPTFnb4h6TNRxura2BUABpLMT24MpKYKqATHPv2,2024-10-11,294999504,666,WzMaL78srutrF6CsxEkWuhMaDF5HZA6jNRaEPengqpb,1,1,1,1
HYYtVQiiY9jm278YX5Ct4GE2NDzyCQFDYdtMRK2DdYQX,2024-10-11,294999440,666,WzMaL78srutrF6CsxEkWuhMaDF5HZA6jNRaEPengqpb,1,1,1,1
GTckuaEeWTEFK1dFXwh6iWvr36954VxBuXU5PCVTPiay,2024-10-29,298291966,300,WzMaL78srutrF6CsxEkWuhMaDF5HZA6jNRaEPengqpb,1,4,0,0
5ar43BgYjTrXSibBsX89AgCrx32RYGuTWgo2bvXnX5AR,2024-12-28,310419704,300,WzMaL78srutrF6CsxEkWuhMaDF5HZA6jNRaEPengqpb,1,1,2,1
9zKyYNHxyG8ZrtjZ6qx1eTFqYJ3d7B1JB4w9DJzgDkU2,2024-12-30,310688996,300,WzMaL78srutrF6CsxEkWuhMaDF5HZA6jNRaEPengqpb,1,2,0,0
3HME9qukQdeeiBEbnKtqLKKroW9eor5wMtNLGR9pGfBG,2025-01-06,312229036,2500,GdPSADtU1Kzj1ueijpHaJWS6HqhoYVXMFR5FzhNBUmrh,1,1,2,1
68ToEMGhpQgKNSDTjgpkUckWuBo6PRnHqZhMd4fQbz8t,2025-01-06,312231709,2500,GdPSADtU1Kzj1ueijpHaJWS6HqhoYVXMFR5FzhNBUmrh,1,1,2,1
8joXxLwnP916Jc6RoRm5s7WV2ZG37sCKwLhY5YrqbkTu,2025-01-06,312230158,2500,GdPSADtU1Kzj1ueijpHaJWS6HqhoYVXMFR5FzhNBUmrh,1,1,2,1
CuRxokDVEuCjovsSNkvUbkpTW3fCTYMbuFqPf3kpZgEz,2025-01-06,312187243,2500,C7wWbtsRJuqh9cVHopuhdT59GFgyrZdyq3wTD1cTQjW5,1,1,2,1
G6BUx6tFcX7M2yhwMxFrq1L9KT4gh4VpZRj89nUwp7P3,2025-01-06,312251351,2500,GdPSADtU1Kzj1ueijpHaJWS6HqhoYVXMFR5FzhNBUmrh,1,1,2,1
HGFC8sAoCuh5iGfEnkGgKzCxgEyEyUnTxfMgtJRjFCJ3,2025-01-06,312229648,2500,GdPSADtU1Kzj1ueijpHaJWS6HqhoYVXMFR5FzhNBUmrh,1,1,2,1
2eQYd3dFFXMnaDonnHVuqWZS13R4roTJxdSPKzBQbNoq,2023-02-06,176288125,138,WzMaL78srutrF6CsxEkWuhMaDF5HZA6jNRaEPengqpb,0,1,0,0
3Ji5L1Cwoeg7UjaLKHxNw9BNjrgnmZHW52RYgAiGmiG9,2023-02-06,176287944,138,WzMaL78srutrF6CsxEkWuhMaDF5HZA6jNRaEPengqpb,0,1,0,0
BJLSBgwJouuW86WXFmuAfg3FJEMhw6x7PMN1kZoPaxHD,2023-02-06,176288861,138,WzMaL78srutrF6CsxEkWuhMaDF5HZA6jNRaEPengqpb,0,1,0,0
4kKYSNNgwJjmMeNAvNrxtrvhxcorfcqUZwejSvoEsAYi,2023-02-09,176831077,138,WzMaL78srutrF6CsxEkWuhMaDF5HZA6jNRaEPengqpb,0,0,0,0
7wGvmJExow7ufS5gpQyrpsVWaujtTdVwhrQZMzFkdsS6,2023-02-09,176842317,138,WzMaL78srutrF6CsxEkWuhMaDF5HZA6jNRaEPengqpb,0,1,0,0
Fc4FwZYyBaimBsYf6EJPyNbN9Finyxcok2A6wGqVNRtf,2023-02-09,176841984,138,WzMaL78srutrF6CsxEkWuhMaDF5HZA6jNRaEPengqpb,0,0,0,0
77EKYv79tYDpgjWWAy3fJoAjabieccwZhkSBqD3L6YeJ,2023-02-11,177122324,138,WzMaL78srutrF6CsxEkWuhMaDF5HZA6jNRaEPengqpb,0,1,0,0
B3D52NwNLjuBidxdAexRjsmjnyRDpFcLsnxcc8SJBYAN,2023-02-11,177122680,138,WzMaL78srutrF6CsxEkWuhMaDF5HZA6jNRaEPengqpb,0,1,0,0
7iFdnV4DR69x5VD5bYTvRvC1TiSuVPA3LTjXKeFBQteU,2023-02-12,177312768,138,WzMaL78srutrF6CsxEkWuhMaDF5HZA6jNRaEPengqpb,0,1,0,0
3r1vwu41aR3Es3SzZ2yR2XKDrYjUCjgv7SfjjU8d17ys,2023-02-13,177554848,138,WzMaL78srutrF6CsxEkWuhMaDF5HZA6jNRaEPengqpb,0,1,0,0
7iebZvCYqDPs1tjVq6h8r7Uv1GxruX2VbZQRanHmqqiG,2023-02-13,177554787,138,WzMaL78srutrF6CsxEkWuhMaDF5HZA6jNRaEPengqpb,0,1,0,0
FzAzDGLgyXDZSY1Z4wUCWCwWUcLabKAmSscXLpy4kCBE,2023-02-13,177501189,138,WzMaL78srutrF6CsxEkWuhMaDF5HZA6jNRaEPengqpb,0,0,0,0
GJknfEjCSBMGyCupP3P3uwFQZRtFtGZT1jSxoWDgFF9E,2023-02-13,177501294,138,WzMaL78srutrF6CsxEkWuhMaDF5HZA6jNRaEPengqpb,0,1,0,0
2XEMcBbkSDHN672XnCQnMvk1sf9g6MorVT2xiqLn4XhB,2023-02-18,178465716,138,WzMaL78srutrF6CsxEkWuhMaDF5HZA6jNRaEPengqpb,0,0,0,0
2zPRp3BAVJDm3K9ZZ24dPeo1QJ3o8rH1oZDxW1zVCLNu,2023-02-18,178466800,138,WzMaL78srutrF6CsxEkWuhMaDF5HZA6jNRaEPengqpb,0,0,0,0
3QNVc8vRqByrYzYkAzv8FkQSST57iBHF5M2s1RYzG9qN,2023-02-18,178467556,138,WzMaL78srutrF6CsxEkWuhMaDF5HZA6jNRaEPengqpb,0,0,0,0
3UGkjMBJot7kceePbquTWUSx9okkdxgn8QZ7wtkdYpAU,2023-02-18,178462740,138,WzMaL78srutrF6CsxEkWuhMaDF5HZA6jNRaEPengqpb,0,0,0,0
3YePNUQkMUdaWoAX1dX5eLkYbUJQu8mdfQgc1nBL8VTM,2023-02-18,178463096,138,WzMaL78srutrF6CsxEkWuhMaDF5HZA6jNRaEPengqpb,0,0,0,0
5bUkqVcVZW5hfXszSbAcnABrkDGBunxAJsbAZERPBu1v,2023-02-18,178462631,138,WzMaL78srutrF6CsxEkWuhMaDF5HZA6jNRaEPengqpb,0,0,0,0
5vu9B6ejAdhu4c9DKuSrt3JNkdh6Mc5hbBxHBuB3W851,2023-02-18,178461552,138,WzMaL78srutrF6CsxEkWuhMaDF5HZA6jNRaEPengqpb,0,1,0,0
93MnSWAkRoyCdV8czrXaH9pGKjAewSZjoTVkaPNRCHuo,2023-02-18,178467899,138,WzMaL78srutrF6CsxEkWuhMaDF5HZA6jNRaEPengqpb,0,0,0,0
9pX3zqUCrsKqzQmMoFPGsCzx938YWK4G2tBppTmYaewc,2023-02-18,178466707,138,WzMaL78srutrF6CsxEkWuhMaDF5HZA6jNRaEPengqpb,0,0,0,0
AyWdmrbtd1JJ55Wcf23e4wexVV2zH8AAJqfV9crTyxP1,2023-02-18,178466860,138,WzMaL78srutrF6CsxEkWuhMaDF5HZA6jNRaEPengqpb,0,0,0,0
B1nh3dW5SLsKWj5FmkSDX2uRwoKYF3TUdT9MYFUfvc1b,2023-02-18,178463139,138,WzMaL78srutrF6CsxEkWuhMaDF5HZA6jNRaEPengqpb,0,1,0,0
BsdP4w8C7F6wSdcqaGnvggFbvXrdxcEtFb8Y1r7wuDJa,2023-02-18,178462485,138,WzMaL78srutrF6CsxEkWuhMaDF5HZA6jNRaEPengqpb,0,1,0,0
ELMZdnG5Y8F8XuteqAXdN1hsjXsQki6sjp6hKtruFHjB,2023-02-18,178466660,138,WzMaL78srutrF6CsxEkWuhMaDF5HZA6jNRaEPengqpb,0,0,0,0
EotMnYGxzqho4qsV4Fneg552GStS5Cwhgd76eZmx8RxU,2023-02-18,178466415,138,WzMaL78srutrF6CsxEkWuhMaDF5HZA6jNRaEPengqpb,0,0,0,0
FjD5hQPkttrc5VWhkRTRWEwguRC3Vjcq7RLiXfZtVJkT,2023-02-18,178467212,138,WzMaL78srutrF6CsxEkWuhMaDF5HZA6jNRaEPengqpb,0,0,0,0
GPpMvzvDPgEhRwNuy7oQ1h1xYibH5XBKt7VAnzKVn84S,2023-02-18,178466639,138,WzMaL78srutrF6CsxEkWuhMaDF5HZA6jNRaEPengqpb,0,0,0,0
HPfed5MYmTfsLpAeJhkjy6nhVVo3NMtHeLHbR26QWyrw,2023-02-18,178466059,138,WzMaL78srutrF6CsxEkWuhMaDF5HZA6jNRaEPengqpb,0,0,0,0
HaqZNAWDuRCnbtn2ah3erpHkiBKNXxinUu3wueQ2sopr,2023-02-18,178462792,138,WzMaL78srutrF6CsxEkWuhMaDF5HZA6jNRaEPengqpb,0,1,0,0
Aj42Q1jeFh3siYi9v5BP4mvngSWtTPRsqwgurKfLncZb,2023-02-19,178628641,138,WzMaL78srutrF6CsxEkWuhMaDF5HZA6jNRaEPengqpb,0,0,0,0
EpHuqPEpoHPnLht5rPoJCRKSQFThiUPo8FA2z3nZSWJN,2023-02-19,178628729,138,WzMaL78srutrF6CsxEkWuhMaDF5HZA6jNRaEPengqpb,0,0,0,0
GCYZRpjrQuD9WnWB38BiTV5ymntidfcQLo1fLbY4ZTRs,2023-02-19,178628698,138,WzMaL78srutrF6CsxEkWuhMaDF5HZA6jNRaEPengqpb,0,0,0,0
5P5dVk7B6z25fgR3NhD9PQGgbAVYx9jgnES1mtXP3hWW,2023-02-21,178819624,138,WzMaL78srutrF6CsxEkWuhMaDF5HZA6jNRaEPengqpb,0,0,0,0
9cuyMssDVyf5xmnaPGRuMozvJNCnyQTiifK5CSMrmYQv,2023-02-21,178819220,138,WzMaL78srutrF6CsxEkWuhMaDF5HZA6jNRaEPengqpb,0,0,0,0
HH1aWAVR4BUd68gHMSXPiqQttYvuHSXY89fsRXAagRe8,2023-02-21,178819272,138,WzMaL78srutrF6CsxEkWuhMaDF5HZA6jNRaEPengqpb,0,0,0,0
7yx5baqJVYcfA7GzoovdeckyTFd4zZkhbDQEa4u12Qoq,2023-02-22,179050096,138,WzMaL78srutrF6CsxEkWuhMaDF5HZA6jNRaEPengqpb,0,0,0,0
7f194XfjynGkn3ayWmfzBqBssBFyUep31We6GtXfFVC,2024-03-29,257181589,150,WzMaL78srutrF6CsxEkWuhMaDF5HZA6jNRaEPengqpb,0,0,0,0
98RDvVz5G123hArL7Ce4sC1Ft1F44rshAU8MF3AduPp,2024-03-29,257181589,150,WzMaL78srutrF6CsxEkWuhMaDF5HZA6jNRaEPengqpb,0,0,0,0
BwfsBwGmTXWng9kwf4bvWVuKRjcwyHtEWtKrmvhPzTo,2024-03-29,257187831,2500,WzMaL78srutrF6CsxEkWuhMaDF5HZA6jNRaEPengqpb,0,1,0,0
ECvVf6PcyYfUeHFE2n64FPu83jnTRVycFjJPBPV1WMA,2024-03-29,257181121,150,WzMaL78srutrF6CsxEkWuhMaDF5HZA6jNRaEPengqpb,0,0,0,0
qbRvfJSSnf7e1rdvb2RorSsVE3cWMtn37c6YNCnDkoh,2024-03-29,257182365,150,WzMaL78srutrF6CsxEkWuhMaDF5HZA6jNRaEPengqpb,0,1,0,0
wa6KCD7pQsjeUEn1JRF6nQcn47PFey4yCrf8E5xjXko,2024-03-29,257187830,2500,WzMaL78srutrF6CsxEkWuhMaDF5HZA6jNRaEPengqpb,0,1,0,0
2L7Z3AcrZTXCQnHj4yAuDbgDrYsuHYz1diM5usq17PXS,2024-03-29,257180493,150,WzMaL78srutrF6CsxEkWuhMaDF5HZA6jNRaEPengqpb,0,1,0,0
2NdVPfgzv6JoRDCiNvnJqg3xP6H34yeNu43X9DbudNrt,2024-03-29,257186735,2500,WzMaL78srutrF6CsxEkWuhMaDF5HZA6jNRaEPengqpb,0,1,0,0
2q2r8JrWwck3NWPHXkFcSrDdKh6AJzBxcJaJ9Raf8ySL,2024-03-29,257186703,2500,WzMaL78srutrF6CsxEkWuhMaDF5HZA6jNRaEPengqpb,0,1,0,0
3r3o5Zz9dv1h6HrAUwQ65e9p5Up8NP4Nx6pcVXonHHZr,2024-03-29,257187305,2500,WzMaL78srutrF6CsxEkWuhMaDF5HZA6jNRaEPengqpb,0,1,0,0
3tPPpAFDtGofbUixHR1NB3oUf7zm37sCkBtkH5iT6Q8v,2024-03-29,257182172,150,WzMaL78srutrF6CsxEkWuhMaDF5HZA6jNRaEPengqpb,0,0,0,0
47mhz5XcpKs7kDj7RLKQMkjQcdgBGH1SUxw5hhwJTi8x,2024-03-29,257188259,2500,WzMaL78srutrF6CsxEkWuhMaDF5HZA6jNRaEPengqpb,0,1,0,0
4AN9CqA8tdnQsmm1jsmuMXHe71gkkBbWhWrEexF666p6,2024-03-29,257181103,150,WzMaL78srutrF6CsxEkWuhMaDF5HZA6jNRaEPengqpb,0,0,0,0
4QuiwDMBNjt1i8qY7x7QNP5t35Ap9T3C1qQFaL7RoaYP,2024-03-29,257182175,150,WzMaL78srutrF6CsxEkWuhMaDF5HZA6jNRaEPengqpb,0,1,0,0
4Tki3ChGNJQebNxp2E3M8NiwhNBsKA6JqyQ3UVHEuYM9,2024-03-29,257182187,150,WzMaL78srutrF6CsxEkWuhMaDF5HZA6jNRaEPengqpb,0,1,0,0
4ndLe7ZFegHZNzRSCso1kEZ8b5W6EtXQjamAJm4i5A8V,2024-03-29,257186724,2500,WzMaL78srutrF6CsxEkWuhMaDF5HZA6jNRaEPengqpb,0,1,0,0
4p8QqyuARdpAzzTsN3jW8RXJaXFVw5GkRS1u7Scwc22C,2024-03-29,257186732,2500,WzMaL78srutrF6CsxEkWuhMaDF5HZA6jNRaEPengqpb,0,1,0,0
5BtTp6kPJt8ChJaXjGmQz9iJEVFBFYor54LcU2WqxAFL,2024-03-29,257181121,150,WzMaL78srutrF6CsxEkWuhMaDF5HZA6jNRaEPengqpb,0,1,0,0
6A5v3nF6xXiMU31t7B9g6Pu6fRBecVdgQdjpujmY33y2,2024-03-29,257182893,150,WzMaL78srutrF6CsxEkWuhMaDF5HZA6jNRaEPengqpb,0,1,0,0
6BLJN5Zyihr5BuovGped2zKodKPTi6aroqrp6oHU9kmf,2024-03-29,257187871,2500,WzMaL78srutrF6CsxEkWuhMaDF5HZA6jNRaEPengqpb,0,1,0,0
6iPzoB5qqTi3vpLWnobY4dru3r6zavBkjGkYDoBDwCXu,2024-03-29,257182176,150,WzMaL78srutrF6CsxEkWuhMaDF5HZA6jNRaEPengqpb,0,1,0,0
7LLFKWZyhR5DDYNuW8h6CP6P3WK5hv6F817e7DnxJ9mR,2024-03-29,257186702,2500,WzMaL78srutrF6CsxEkWuhMaDF5HZA6jNRaEPengqpb,0,0,0,0
8eZbCeszQR3UZLPQS98V3JieARHmdzHtUbWxhBEbCEms,2024-03-29,257186697,2500,WzMaL78srutrF6CsxEkWuhMaDF5HZA6jNRaEPengqpb,0,1,0,0
9XSTV2YveaVGHTDRjR6PhztyXyELo1YZLa5aLCtLe5jx,2024-03-29,257186869,2500,WzMaL78srutrF6CsxEkWuhMaDF5HZA6jNRaEPengqpb,0,0,0,0
9kSCrBsKMHk465j7eZcB61MiBgFD6wnrq8UMExs5j3o6,2024-03-29,257182893,150,WzMaL78srutrF6CsxEkWuhMaDF5HZA6jNRaEPengqpb,0,1,0,0
AAWnurkhfLXWUVUNxdjNZTvCStDXmGt6TP9BrjBoZ95C,2024-03-29,257187316,2500,WzMaL78srutrF6CsxEkWuhMaDF5HZA6jNRaEPengqpb,0,1,0,0
AJnztEwPTvTdHbn2LzzbeFujZS3aPHj7645cDxjYxw1a,2024-03-29,257181221,150,WzMaL78srutrF6CsxEkWuhMaDF5HZA6jNRaEPengqpb,0,1,0,0
AXHw2QqgafRt5w3DBqvisVeDitBpYD5fsRKTFCKxurBM,2024-03-29,257181122,150,WzMaL78srutrF6CsxEkWuhMaDF5HZA6jNRaEPengqpb,0,0,0,0
AsQTa21th5cELTLR8W2MhxDT2U5gtYurUtBaZsEsbM9S,2024-03-29,257181121,150,WzMaL78srutrF6CsxEkWuhMaDF5HZA6jNRaEPengqpb,0,0,0,0
AvmWqsA2Bx3EbnuP2GJfgFGnwAZJBgrxnqL7aabbuGTM,2024-03-29,257182881,150,WzMaL78srutrF6CsxEkWuhMaDF5HZA6jNRaEPengqpb,0,1,0,0
BHZsWXcna1dTFq19NEZksH7HD8hfrRGwH7mkSQqtx7AR,2024-03-29,257180489,150,WzMaL78srutrF6CsxEkWuhMaDF5HZA6jNRaEPengqpb,0,1,0,0
Be2HZyjRKK57kUTiTQm3PHVpyzFCridaMVEMeFzcGsFr,2024-03-29,257188258,2500,WzMaL78srutrF6CsxEkWuhMaDF5HZA6jNRaEPengqpb,0,1,0,0
BjHqp2ERrY4U8JmMgw6qrUt8zGanuQ8WcTHEkPXmyP8G,2024-03-29,257181589,150,WzMaL78srutrF6CsxEkWuhMaDF5HZA6jNRaEPengqpb,0,0,0,0
ByAFPnJHecrnXt8eXUG8yocpbAGf7nBthVks4SGWkuGZ,2024-03-29,257181101,150,WzMaL78srutrF6CsxEkWuhMaDF5HZA6jNRaEPengqpb,0,1,0,0
CXo3wmH2hYPZxeeNWNvn8mAtcua2QonYtGHWpr3WcpVM,2024-03-29,257180480,150,WzMaL78srutrF6CsxEkWuhMaDF5HZA6jNRaEPengqpb,0,1,0,0
Ca2TUAAexsZjQbu5YtKssYBdoTkBKNtPDBtyzBWkBLC9,2024-03-29,257182354,150,WzMaL78srutrF6CsxEkWuhMaDF5HZA6jNRaEPengqpb,0,1,0,0
CjNaUk9iVRBUCsAcjuFPX1CRrwPgx6qfVrvgu37LnQyS,2024-03-29,257180480,150,WzMaL78srutrF6CsxEkWuhMaDF5HZA6jNRaEPengqpb,0,1,0,0
CsFCyLfeJtGbeZZY2HKkg1MGFbcYoLMRDSYzNtrepBGG,2024-03-29,257182886,150,WzMaL78srutrF6CsxEkWuhMaDF5HZA6jNRaEPengqpb,0,1,0,0
D53DwayHfoAu8TLcFex11CUDYM2wEtsV17WBrKhqE6gY,2024-03-29,257186864,2500,WzMaL78srutrF6CsxEkWuhMaDF5HZA6jNRaEPengqpb,0,0,0,0
DLen9mWKWk6HNLFZrpjTEYASdATreQwWtZk9jMPSypxy,2024-03-29,257187872,2500,WzMaL78srutrF6CsxEkWuhMaDF5HZA6jNRaEPengqpb,0,0,0,0
DtUrd5UrzKNRqu4vDKFrQVPnf2Lem5SiGcCfwABWasG1,2024-03-29,257182178,150,WzMaL78srutrF6CsxEkWuhMaDF5HZA6jNRaEPengqpb,0,0,0,0
EL5LhCVL8aNbopJagCAaBUoGVnd7jbv2KTW1hy75C8ry,2024-03-29,257181103,0,WzMaL78srutrF6CsxEkWuhMaDF5HZA6jNRaEPengqpb,0,1,0,0
EMJpEytK7vU8ttqbRa5BnUMtgdpu6LHjjyjkaQHnwusS,2024-03-29,257180480,150,WzMaL78srutrF6CsxEkWuhMaDF5HZA6jNRaEPengqpb,0,1,0,0
EPQRVgoe8zsDgSRwD9oLNdkBt5eQ99XJWV7q1f6UTyAH,2024-03-29,257187307,2500,WzMaL78srutrF6CsxEkWuhMaDF5HZA6jNRaEPengqpb,0,1,0,0
ERQxLaPorae9r65gXFbUdYqWMGWkMY9gSa8jjs2CDvoc,2024-03-29,257181589,150,WzMaL78srutrF6CsxEkWuhMaDF5HZA6jNRaEPengqpb,0,0,0,0
EvnPueYD2HVQCsvoPRGrncFxx4aGwbeBtz1Ru6JeCmqi,2024-03-29,257182189,150,WzMaL78srutrF6CsxEkWuhMaDF5HZA6jNRaEPengqpb,0,0,0,0
F9e7dmXrekqd3qbHu2MWr9HM6E3RBHi2CVbiDmBuX87c,2024-03-29,257182368,150,WzMaL78srutrF6CsxEkWuhMaDF5HZA6jNRaEPengqpb,0,1,0,0
FMa12ASpj6Z6EQLJSAEZvYnhcvDSoXL1sSemVMhtQjGU,2024-03-29,257187316,2500,WzMaL78srutrF6CsxEkWuhMaDF5HZA6jNRaEPengqpb,0,1,0,0
FnDGmPurE7eKe1mFd4XsiDykrXqHQKsWL8rASE4WKbTb,2024-03-29,257182187,150,WzMaL78srutrF6CsxEkWuhMaDF5HZA6jNRaEPengqpb,0,1,0,0
GPFKuiwqe4C1ni4mSDsRQTwGZvA9k6ewBbFwW59ScsJX,2024-03-29,257187830,2500,WzMaL78srutrF6CsxEkWuhMaDF5HZA6jNRaEPengqpb,0,1,0,0
GXgFnRs32ATsp17xikuLV4TvWrdSgYmPNPTcuLGUHdMw,2024-03-29,257181622,150,WzMaL78srutrF6CsxEkWuhMaDF5HZA6jNRaEPengqpb,0,1,0,0
H9aBt6h6Me5pwQ2UM4cNx4eYKb63W3okpcapG7zR5eAk,2024-03-29,257186700,2500,WzMaL78srutrF6CsxEkWuhMaDF5HZA6jNRaEPengqpb,0,1,0,0
HHv14bEWqaBsmpqncqnEFiK5vER121xZpXJkZtSwVBMh,2024-03-29,257182654,150,WzMaL78srutrF6CsxEkWuhMaDF5HZA6jNRaEPengqpb,0,0,0,0
Ho3FU9MVuqjWHeZXX9LvAr7dZn1B4koWPtivW6oF8CLn,2024-03-29,257186697,2500,WzMaL78srutrF6CsxEkWuhMaDF5HZA6jNRaEPengqpb,0,1,0,0
5r9S4DRN56fHLGTvZpJfwYv6AtAHXqjq2utP4vYfNKhd,2024-10-29,298314072,0,WzMaL78srutrF6CsxEkWuhMaDF5HZA6jNRaEPengqpb,0,1,0,0
CZrUnJE8AzrQ8XZSqPadXU5dyLFN9D9aS4chJGGoggcp,2024-10-29,298313164,0,WzMaL78srutrF6CsxEkWuhMaDF5HZA6jNRaEPengqpb,0,1,0,0
DfY5TDrPjjeTM5daTchU2XvY2KB8JmQg6hAkRWbCDbz3,2024-10-29,298291896,300,WzMaL78srutrF6CsxEkWuhMaDF5HZA6jNRaEPengqpb,0,4,0,0
GSPJHiEeKz1AECW3sMLMoiiU63ZBAijz5ozC2i3JenQh,2024-10-29,298291848,300,WzMaL78srutrF6CsxEkWuhMaDF5HZA6jNRaEPengqpb,0,4,0,0
GbwCZcFT6Etrc9uL78x3QmKkVHNudpWT4N6ZEH5CoMoF,2024-10-29,298313132,0,WzMaL78srutrF6CsxEkWuhMaDF5HZA6jNRaEPengqpb,0,1,0,0
5gBdTqeTTZQ6TfjZPbugptaJay5sWgy5d6ywNs8da775,2024-11-16,301686312,100,WzMaL78srutrF6CsxEkWuhMaDF5HZA6jNRaEPengqpb,0,1,0,0
EREArCFQFrcQNxTR2EzCC1bYNDAmB54BaCp8W8aopdTr,2024-11-16,301686388,100,WzMaL78srutrF6CsxEkWuhMaDF5HZA6jNRaEPengqpb,0,1,0,0
FpTfUB8FTPkZw5k89Q5iUjzzGaC7vAcPYZaYHBYfqSaq,2024-11-19,302363876,2500,WzMaL78srutrF6CsxEkWuhMaDF5HZA6jNRaEPengqpb,0,1,0,0
2fJmWJM58A6SyjGJGBr8xwBNeJ6UCqEtVPfdKSSVqngR,2025-01-06,312190332,2500,5rq3cYsZU6UxhsXBuJtuAnbQmW9JWR7XjzFgboAo6NpW,0,1,2,1
4wyysByQMaBB8fvD2NbCQvXXQkJknVHNSvXy88fC8TzZ,2025-01-06,312229528,2500,GdPSADtU1Kzj1ueijpHaJWS6HqhoYVXMFR5FzhNBUmrh,0,1,2,1
9AXr57zTjSL29cHZ5WGuji5HCr17F4TwcuuJ8tPUszD7,2025-01-06,312185907,2500,C7wWbtsRJuqh9cVHopuhdT59GFgyrZdyq3wTD1cTQjW5,0,1,2,1
9NX9Gb6zTMmLUhx9v9fKwib9cApExhaG5SrmUGuu2fMe,2025-01-06,312186938,2500,C7wWbtsRJuqh9cVHopuhdT59GFgyrZdyq3wTD1cTQjW5,0,1,2,1
CfLJ1KV86Zy1kkffCGEsbbgJ9ZpEp9rC2gnTLrUp5hQe,2025-01-06,312185796,2500,C7wWbtsRJuqh9cVHopuhdT59GFgyrZdyq3wTD1cTQjW5,0,1,2,1
Cjor68YSNktUSAfc2KsVsmaBiSJ7vcqp1Fw95MMtfzxj,2025-01-06,312186648,2500,C7wWbtsRJuqh9cVHopuhdT59GFgyrZdyq3wTD1cTQjW5,0,1,2,1
EPHrNUR4kS4qFVcJn8HR16XZj4KfEyGRtBvZsQ4RG9zE,2025-01-06,312197552,2500,5rq3cYsZU6UxhsXBuJtuAnbQmW9JWR7XjzFgboAo6NpW,0,1,2,1
GUGANne945niwaLCsEj3Az44UqdTgsmQmiL9t6rJHssb,2025-01-06,312231747,2500,GdPSADtU1Kzj1ueijpHaJWS6HqhoYVXMFR5FzhNBUmrh,0,1,2,1
9MTjWdUVbJ3oLZJhD8U4owthyveFzNZmKB1s1wYvVWv3,2025-02-14,320496094,300,WzMaL78srutrF6CsxEkWuhMaDF5HZA6jNRaEPengqpb,0,1,0,0
